Created,Caller Postcode,Noise type
30/06/2017 23:55,LS9 6,MUSIC
30/06/2017 23:10,LS8 3,MUSIC
30/06/2017 22:51,LS9 9,PARTY
30/06/2017 22:28,LS13 4,MUSIC
30/06/2017 21:57,BD11 1,DOG BARKING
30/06/2017 21:35,LS8 3,MUSIC
30/06/2017 21:03,LS18 5,ALARM
30/06/2017 20:00,LS13 3,MUSIC
30/06/2017 19:56,LS5 3,ALARM
30/06/2017 19:55,LS4 2,ALARM
30/06/2017 19:50,LS13 4,MUSIC
30/06/2017 19:13,LS14 5,MUSIC
30/06/2017 19:10,LS9 7,MUSIC
30/06/2017 19:04,LS5 3,ALARM
30/06/2017 18:34,LS12 2,DOG BARKING
30/06/2017 18:18,LS8 5,MUSIC
30/06/2017 18:16,LS9 7,MUSIC
30/06/2017 18:03,LS13 4,MUSIC
30/06/2017 03:32,LS7 3,MUSIC
30/06/2017 02:59,LS27 8,MUSIC
30/06/2017 02:48,LS12 3,DOG BARKING
30/06/2017 01:06,WF3 1,OTHER
30/06/2017 00:38,LS13 4,MUSIC
29/06/2017 23:46,LS28 7,MUSIC
29/06/2017 23:36,LS4 2,MUSIC
29/06/2017 23:31,LS14 1,MUSIC
29/06/2017 22:35,LS8 5,MUSIC
29/06/2017 22:15,LS7 4,MUSIC
29/06/2017 21:37,LS14 1,TV
29/06/2017 21:24,WF3 2,BANGING ON WALLS/CEILING/FLOOR
29/06/2017 21:15,LS11 8,MUSIC
29/06/2017 20:57,LS14 6,BANGING ON WALLS/CEILING/FLOOR
29/06/2017 20:33,LS10 4,BANGING ON WALLS/CEILING/FLOOR
29/06/2017 19:59,LS10 4,MUSIC
29/06/2017 18:58,LS8 5,MUSIC
29/06/2017 18:49,LS9 7,DIY
29/06/2017 18:05,LS13 1,SHOUTING
29/06/2017 01:18,LS26 8,MUSIC
28/06/2017 23:26,LS27 8,SHOUTING
28/06/2017 21:13,LS9 7,MUSIC
28/06/2017 20:39,LS9 7,MUSIC
28/06/2017 19:18,LS18 4,SHOUTING
28/06/2017 18:36,LS11 0,MUSIC
28/06/2017 01:24,BD11 1,DOG BARKING
28/06/2017 00:06,WF3 1,OTHER
27/06/2017 23:32,LS8 1,BANGING ON WALLS/CEILING/FLOOR
27/06/2017 23:21,LS6 2,MUSIC
27/06/2017 23:03,LS17 5,TV
27/06/2017 19:59,LS6 1,MUSIC
27/06/2017 19:32,LS14 1,MUSIC
27/06/2017 19:02,LS6 1,ALARM
27/06/2017 18:43,LS14 6,DOG BARKING
27/06/2017 07:21,LS17 8,BANGING ON WALLS/CEILING/FLOOR
27/06/2017 02:41,WF3 1,OTHER
27/06/2017 02:08,WF3 1,SHOUTING
27/06/2017 01:54,LS2 9,PARTY
27/06/2017 01:40,LS6 1,MUSIC
27/06/2017 01:00,LS13 1,MUSIC
26/06/2017 23:47,LS14 1,TV
26/06/2017 23:36,LS6 3,MUSIC
26/06/2017 23:09,LS8 2,DOG BARKING
26/06/2017 22:37,LS17 8,ALARM
26/06/2017 22:22,LS16 5,BANGING ON WALLS/CEILING/FLOOR
26/06/2017 21:42,LS10 3,DOG BARKING
26/06/2017 21:20,LS13 4,MUSIC
26/06/2017 21:07,LS7 3,MUSIC
26/06/2017 21:03,LS10 3,DOG BARKING
26/06/2017 20:35,LS9 6,MUSIC
26/06/2017 20:33,LS11 6,MUSIC
26/06/2017 20:29,LS27 9,MUSIC
26/06/2017 20:10,LS26 8,DOG BARKING
26/06/2017 18:34,LS17 8,BUILDING SITE
26/06/2017 05:39,LS17 6,BANGING ON WALLS/CEILING/FLOOR
26/06/2017 04:32,LS6 1,MUSIC
26/06/2017 02:55,LS20 8,MUSIC
26/06/2017 02:17,LS14 6,PARTY
26/06/2017 01:34,LS17 8,ALARM
26/06/2017 00:20,LS17 8,ALARM
25/06/2017 21:45,LS11 7,PARTY
25/06/2017 21:15,LS10 3,DOG BARKING
25/06/2017 21:11,LS15 0,MUSIC
25/06/2017 20:30,LS12 1,DOG BARKING
25/06/2017 20:11,LS11 6,MUSIC
25/06/2017 19:57,LS9 9,MUSIC
25/06/2017 18:34,LS6 1,ALARM
25/06/2017 18:29,LS6 2,ALARM
25/06/2017 18:20,LS13 2,OTHER
25/06/2017 16:47,LS28 5,MUSIC
25/06/2017 16:43,LS166,DOG BARKING
25/06/2017 16:08,LS99,DOG BARKING
25/06/2017 15:38,LS27 8,OTHER
25/06/2017 15:18,LS6 1,MUSIC
25/06/2017 15:01,LS6 2,ALARM
25/06/2017 11:42,LS14 1,SHOUTING
25/06/2017 08:11,LS7 4,ALARM
25/06/2017 05:14,LS10 4,BANGING ON WALLS/CEILING/FLOOR
25/06/2017 03:10,LS8 1,MUSIC
25/06/2017 02:55,LS16 5,MUSIC
25/06/2017 02:39,LS7 3,MUSIC
25/06/2017 02:15,LS11 6,MUSIC
25/06/2017 01:30,LS15 0,MUSIC
25/06/2017 01:27,LS6 1,MUSIC
25/06/2017 01:20,LS5 2,MUSIC
25/06/2017 01:17,LS13 4,MUSIC
25/06/2017 01:10,LS27 9,MUSIC
25/06/2017 00:59,LS27 9,MUSIC
25/06/2017 00:55,LS28 7,PARTY
25/06/2017 00:32,LS9 6,SHOUTING
25/06/2017 00:24,LS6 1,MUSIC
25/06/2017 00:17,LS8 3,MUSIC
25/06/2017 00:13,LS14 5,MUSIC
25/06/2017 00:03,LS12 3,MUSIC
24/06/2017 23:56,LS16 5,MUSIC
24/06/2017 23:40,LS11 5,MUSIC
24/06/2017 23:27,LS14 6,SHOUTING
24/06/2017 23:19,LS26 0,MUSIC
24/06/2017 23:14,LS8 3,MUSIC
24/06/2017 22:59,LS4 2,MUSIC
24/06/2017 21:34,LS14 5,MUSIC
24/06/2017 21:18,LS14 6,SHOUTING
24/06/2017 20:59,LS16 5,MUSIC
24/06/2017 19:39,LS5 2,MUSIC
24/06/2017 18:51,LS8 3,MUSIC
24/06/2017 18:39,LS16 5,MUSIC
24/06/2017 18:17,LS27 8,OTHER
24/06/2017 17:43,LS25 7,BANGING ON WALLS/CEILING/FLOOR
24/06/2017 17:20,LS27 8,OTHER
24/06/2017 16:58,LS9 6,BANGING ON WALLS/CEILING/FLOOR
24/06/2017 12:50,LS16 6,DOG BARKING
24/06/2017 12:20,LS6 1,ALARM
24/06/2017 10:28,LS175,OTHER
24/06/2017 10:08,LS11 5,SHOUTING
24/06/2017 02:17,LS16 7,TV
24/06/2017 01:57,LS18 5,PARTY
24/06/2017 01:20,LS9 6,SHOUTING
24/06/2017 00:52,LS7 3,MUSIC
24/06/2017 00:33,LS9 8,MUSIC
24/06/2017 00:27,WF3 1,OTHER
24/06/2017 00:14,LS15 7,MUSIC
24/06/2017 00:01,WF3 1,MUSIC
23/06/2017 23:57,LS14 5,MUSIC
23/06/2017 23:49,LS26 8,MUSIC
23/06/2017 23:31,LS11 6,MUSIC
23/06/2017 22:59,LS2 7,MUSIC
23/06/2017 21:48,LS9 9,MUSIC
23/06/2017 21:33,LS11 6,MUSIC
23/06/2017 20:53,WF3 1,MUSIC
23/06/2017 20:41,LS9 9,MUSIC
23/06/2017 19:46,LS26 8,BANGING ON WALLS/CEILING/FLOOR
23/06/2017 19:22,LS2 7,MUSIC
23/06/2017 18:08,LS8 3,MUSIC
23/06/2017 01:31,LS18 4,BANGING ON WALLS/CEILING/FLOOR
23/06/2017 01:09,LS28 9,BANGING ON WALLS/CEILING/FLOOR
23/06/2017 01:06,LS10 4,SHOUTING
23/06/2017 00:46,WF3 1,OTHER
23/06/2017 00:33,LS8 1,SHOUTING
22/06/2017 22:49,LS11 6,SHOUTING
22/06/2017 22:19,LS6 1,MUSIC
22/06/2017 21:52,LS12 3,MUSIC
22/06/2017 19:39,LS9 9D,MUSIC
22/06/2017 18:55,LS13 2,BANGING ON WALLS/CEILING/FLOOR
22/06/2017 03:57,LS31,SHOUTING
22/06/2017 01:50,WF3 1,OTHER
22/06/2017 01:36,LS3 1,MUSIC
22/06/2017 00:48,LS11 0,MUSIC
22/06/2017 00:47,LS11 0,MUSIC
22/06/2017 00:42,LS12 5,MUSIC
22/06/2017 00:14,LS8 5,SHOUTING
22/06/2017 00:09,LS8 3,MUSIC
21/06/2017 23:57,LS8 5,MUSIC
21/06/2017 23:55,LS4 2,MUSIC
21/06/2017 23:28,LS8 5,MUSIC
21/06/2017 22:46,LS6 1,MUSIC
21/06/2017 22:42,LS12 2,OTHER
21/06/2017 22:35,LS9 7,SHOUTING
21/06/2017 22:21,LS7 3,MUSIC
21/06/2017 22:08,LS3 1,MUSIC
21/06/2017 21:14,LS9 6,MUSIC
21/06/2017 20:21,LS13 2T,MUSIC
21/06/2017 18:56,LS12 5,DOG BARKING
21/06/2017 18:41,LS13 2,MUSIC
21/06/2017 18:22,LS8 5,SHOUTING
21/06/2017 02:50,WF3 1,OTHER
21/06/2017 02:48,LS16 7,MUSIC
21/06/2017 02:10,LS6 4,PARTY
21/06/2017 02:06,LS14 6,MUSIC
21/06/2017 01:14,LS6 4,TV
21/06/2017 01:07,WF3 1,OTHER
21/06/2017 00:20,BD11 1,ALARM
21/06/2017 00:12,LS8 5,MUSIC
20/06/2017 23:36,LS10 4,MUSIC
20/06/2017 23:26,LS11 6,MUSIC
20/06/2017 22:59,LS26 8,SHOUTING
20/06/2017 22:56,LS26 0,OTHER
20/06/2017 22:51,LS9 7,BUILDING SITE
20/06/2017 22:25,LS6 4,TV
20/06/2017 20:57,LS10 2,MUSIC
20/06/2017 20:24,LS28 7J,DIY
20/06/2017 19:41,LS8 3R,DIY
20/06/2017 18:36,LS17 5B,DOG BARKING
20/06/2017 18:13,LS16 6,DOG BARKING
20/06/2017 18:08,LS14 6P,MUSIC
20/06/2017 05:20,LS8 1,BANGING ON WALLS/CEILING/FLOOR
20/06/2017 02:43,LS27 8,MUSIC
20/06/2017 02:33,LS8 2,MUSIC
20/06/2017 01:51,LS25 7,DOG BARKING
20/06/2017 01:17,LS26 0,OTHER
20/06/2017 01:07,WF3 1,OTHER
20/06/2017 00:58,LS9 7,MUSIC
20/06/2017 00:51,LS17 5,BANGING ON WALLS/CEILING/FLOOR
20/06/2017 00:50,LS9 7,MUSIC
20/06/2017 00:21,LS16 9,OTHER
19/06/2017 23:56,LS14 6,MUSIC
19/06/2017 23:54,LS9 7,MUSIC
19/06/2017 23:31,LS6 1,ALARM
19/06/2017 23:28,LS13 1,PARTY
19/06/2017 23:22,LS25 2,DOG BARKING
19/06/2017 23:08,LS14 6,MUSIC
19/06/2017 22:42,LS11 9,SHOUTING
19/06/2017 22:36,LS11 6,MUSIC
19/06/2017 22:20,LS27 8,ALARM
19/06/2017 22:06,LS8 3,OTHER
19/06/2017 21:52,LS6 1,MUSIC
19/06/2017 21:39,LS25 7,PARTY
19/06/2017 21:30,LS6 1,ALARM
19/06/2017 21:16,LS11 6,MUSIC
19/06/2017 21:02,LS27 9,PARTY
19/06/2017 20:57,LS25 2,OTHER
19/06/2017 20:51,LS25 7,PARTY
19/06/2017 20:47,LS8 5,MUSIC
19/06/2017 20:39,LS7 2,ALARM
19/06/2017 20:22,LS12 1,MUSIC
19/06/2017 19:59,LS12 4,OTHER
19/06/2017 19:50,LS28 7,MUSIC
19/06/2017 09:29,LS27 9,DOG BARKING
19/06/2017 07:44,LS17 S,BANGING ON WALLS/CEILING/FLOOR
19/06/2017 03:28,LS9 6,SHOUTING
19/06/2017 03:19,LS6 3,MUSIC
19/06/2017 03:16,LS7 2,SHOUTING
19/06/2017 02:55,LS6 1,PARTY
19/06/2017 02:53,LS6 3,MUSIC
19/06/2017 02:40,LS6 3,MUSIC
19/06/2017 02:08,LS14 6,MUSIC
19/06/2017 01:14,LS9 6,MUSIC
19/06/2017 00:39,LS11 9,SHOUTING
19/06/2017 00:17,LS15 8,MUSIC
19/06/2017 00:12,LS10 1,MUSIC
18/06/2017 23:57,LS13 2,SHOUTING
18/06/2017 23:44,LS8 2,MUSIC
18/06/2017 23:25,LS11 5,MUSIC
18/06/2017 23:19,LS6 1,SHOUTING
18/06/2017 23:00,LS9 6,SHOUTING
18/06/2017 22:57,LS9 6,MUSIC
18/06/2017 22:54,LS12 5,SHOUTING
18/06/2017 22:45,LS15 8,MUSIC
18/06/2017 22:42,LS9 9,MUSIC
18/06/2017 22:39,LS5 3,MUSIC
18/06/2017 21:13,LS19 7,ALARM
18/06/2017 21:04,LS11 5,PARTY
18/06/2017 19:54,LS28 8,SHOUTING
18/06/2017 19:46,LS14 5,
18/06/2017 19:31,LS13 4,MUSIC
18/06/2017 19:05,LS27 8,MUSIC
18/06/2017 18:55,LS13 1,MUSIC
18/06/2017 18:45,LS20 9,ALARM
18/06/2017 18:35,LS7 4,TV
18/06/2017 18:32,LS3 1,ALARM
18/06/2017 18:24,LS28 8,MUSIC
18/06/2017 18:15,LS4 9,MUSIC
18/06/2017 18:04,LS1 4,MUSIC
18/06/2017 17:58,LS8 3,MUSIC
18/06/2017 17:53,LS8 1,MUSIC
18/06/2017 17:48,LS8 3,MUSIC
18/06/2017 15:28,LS7 2,MUSIC
18/06/2017 13:17,#VALUE!,PARTY
18/06/2017 13:15,LS17 8,BANGING ON WALLS/CEILING/FLOOR
18/06/2017 13:01,LS17 S,OTHER
18/06/2017 12:24,LS17 S,BANGING ON WALLS/CEILING/FLOOR
18/06/2017 12:22,LS8 1,BANGING ON WALLS/CEILING/FLOOR
18/06/2017 11:16,BRACKWOOD DRI,BANGING ON WALLS/CEILING/FLOOR
18/06/2017 09:17,LS10 4,DOG BARKING
18/06/2017 08:52,LS23 6,BUILDING SITE
18/06/2017 07:41,LS26 0,MUSIC
18/06/2017 07:33,LS4 2,PARTY
18/06/2017 06:09,LS12 4,PARTY
18/06/2017 05:07,LS12 1,MUSIC
18/06/2017 04:55,LS8 1,BANGING ON WALLS/CEILING/FLOOR
18/06/2017 04:47,#VALUE!,MUSIC
18/06/2017 03:07,LS4 2,PARTY
18/06/2017 02:40,LS12 4,MUSIC
18/06/2017 02:31,LS13 2,MUSIC
18/06/2017 02:27,LS11 6,MUSIC
18/06/2017 02:14,LS26 0,MUSIC
18/06/2017 02:09,LS12 5,MUSIC
18/06/2017 02:04,LS7 4,PARTY
18/06/2017 01:44,LS7 4,PARTY
18/06/2017 01:33,LS13 3,MUSIC
18/06/2017 01:14,LS7 4,MUSIC
18/06/2017 01:10,LS14 6,MUSIC
18/06/2017 01:07,LS1 6,OTHER
18/06/2017 01:02,LS7 1,SHOUTING
18/06/2017 00:56,LS18 5,PARTY
18/06/2017 00:53,LS6 1,MUSIC
18/06/2017 00:42,#VALUE!,MUSIC
18/06/2017 00:31,LS10 3,MUSIC
18/06/2017 00:26,LS12 4,MUSIC
18/06/2017 00:23,LS11 0,MUSIC
18/06/2017 00:19,LS9 7,OTHER
18/06/2017 00:13,LS13 2,MUSIC
18/06/2017 00:10,LS12 1,PARTY
18/06/2017 00:07,LS14 5,PARTY
18/06/2017 00:04,LS11 0,MUSIC
17/06/2017 23:57,LS8 5,SHOUTING
17/06/2017 23:52,LS5 3,PARTY
17/06/2017 23:48,LS5 3,MUSIC
17/06/2017 23:42,LS14 1,MUSIC
17/06/2017 23:34,LS12 5,MUSIC
17/06/2017 23:31,LS25 7,SHOUTING
17/06/2017 23:17,LS12 5,MUSIC
17/06/2017 23:08,LS8 4,MUSIC
17/06/2017 23:05,LS8 3,MUSIC
17/06/2017 22:50,LS12 5,MUSIC
17/06/2017 22:35,LS27 0,MUSIC
17/06/2017 22:29,LS26 8,SHOUTING
17/06/2017 22:24,LS18 5,PARTY
17/06/2017 22:17,LS13 4,MUSIC
17/06/2017 22:12,LS8 3,MUSIC
17/06/2017 22:08,LS28 6,PARTY
17/06/2017 22:05,LS12 5,PARTY
17/06/2017 21:59,LS8 5,MUSIC
17/06/2017 21:55,LS12 5,MUSIC
17/06/2017 21:48,LS21 3,MUSIC
17/06/2017 21:35,LS5 3,PARTY
17/06/2017 21:14,LS6 2,MUSIC
17/06/2017 20:49,LS8 4,PARTY
17/06/2017 20:16,LS27 0,MUSIC
17/06/2017 19:55,LS25 3,OTHER
17/06/2017 19:52,LS8 5,PARTY
17/06/2017 19:40,LS14 5,MUSIC
17/06/2017 19:16,LS16 5,MUSIC
17/06/2017 19:02,LS13 2,NOISE ASSOCIATED WITH LICENSED PREMISES
17/06/2017 18:56,LS6 4,PARTY
17/06/2017 18:55,LS13 2,MUSIC
17/06/2017 18:46,WF3 2,MUSIC
17/06/2017 18:34,LS9 0,MUSIC
17/06/2017 18:32,LS15 4,MUSIC
17/06/2017 18:27,LS25 2,DOG BARKING
17/06/2017 18:20,LS27 8,MUSIC
17/06/2017 11:49,LS8 1,BANGING ON WALLS/CEILING/FLOOR
17/06/2017 11:39,LS6 1,OTHER
17/06/2017 10:37,LS,BANGING ON WALLS/CEILING/FLOOR
17/06/2017 08:32,L,MUSIC
17/06/2017 04:45,LS6 1,MUSIC
17/06/2017 03:51,LS8 1,BANGING ON WALLS/CEILING/FLOOR
17/06/2017 02:46,LS8 2,MUSIC
17/06/2017 02:31,LS9 9,MUSIC
17/06/2017 02:01,LS26 9,MUSIC
17/06/2017 01:53,LS12 4,MUSIC
17/06/2017 01:33,LS6 1,SHOUTING
17/06/2017 01:30,LS4 2,MUSIC
17/06/2017 01:23,LS13 1,MUSIC
17/06/2017 01:20,LS2,MUSIC
17/06/2017 01:15,LS25 2,PARTY
17/06/2017 00:59,LS8 5,MUSIC
17/06/2017 00:55,#VALUE!,
17/06/2017 00:50,LS8 5,PARTY
17/06/2017 00:27,LS25 2,MUSIC
17/06/2017 00:13,LS25 7,SHOUTING
17/06/2017 00:09,LS25 7,OTHER
16/06/2017 23:56,LS12 3,MUSIC
16/06/2017 23:29,LS16 5,MUSIC
16/06/2017 23:20,LS27 7,MUSIC
16/06/2017 23:11,LS7 4,MUSIC
16/06/2017 23:06,#VALUE!,
16/06/2017 22:44,LS13 1,MUSIC
16/06/2017 22:33,LS11 9,MUSIC
16/06/2017 21:53,LS8 1,BANGING ON WALLS/CEILING/FLOOR
16/06/2017 21:52,LS1 6,OTHER
16/06/2017 21:49,LS8 2,MUSIC
16/06/2017 21:31,LS15 7,MUSIC
16/06/2017 20:48,LS26 0,MUSIC
16/06/2017 20:28,LS9 6,MUSIC
16/06/2017 19:16,LS14 5,MUSIC
16/06/2017 18:32,LS16 5,MUSIC
16/06/2017 04:15,LS28 6,MUSIC
16/06/2017 04:11,LS9 9,PARTY
16/06/2017 02:40,LS14 6,MUSIC
16/06/2017 02:12,LS6 2,ALARM
15/06/2017 23:42,LS9 0,MUSIC
15/06/2017 23:32,LS9 0,MUSIC
15/06/2017 23:11,LS10 4,MUSIC
15/06/2017 22:37,LS8 5,DIY
15/06/2017 22:29,LS10 3,DOG BARKING
15/06/2017 22:26,LS27 7,DOG BARKING
15/06/2017 21:51,LS14 6,MUSIC
15/06/2017 21:17,LS7 4,TV
15/06/2017 21:09,LS11 7,MUSIC
15/06/2017 20:47,LS14 1,MUSIC
15/06/2017 20:37,LS25 7,SHOUTING
15/06/2017 19:05,LS14 5,MUSIC
15/06/2017 18:35,LS13 2,MUSIC
15/06/2017 06:59,LS6 3,BUILDING SITE
15/06/2017 01:40,LS13 2,MUSIC
15/06/2017 01:34,LS9 0,MUSIC
15/06/2017 01:19,LS11 0,MUSIC
15/06/2017 01:09,LS6 1,PARTY
15/06/2017 01:02,LS6 1,PARTY
15/06/2017 00:34,LS21 2,MUSIC
15/06/2017 00:04,LS12 1,SHOUTING
14/06/2017 23:50,LS10 1,MUSIC
14/06/2017 23:44,LS16 6,BANGING ON WALLS/CEILING/FLOOR
14/06/2017 23:15,LS6 1,MUSIC
14/06/2017 22:25,LS14 1,BANGING ON WALLS/CEILING/FLOOR
14/06/2017 22:10,LS4 2,PARTY
14/06/2017 22:03,LS11 9,MUSIC
14/06/2017 21:55,LS4 2,PARTY
14/06/2017 21:31,LS11 6,MUSIC
14/06/2017 21:25,LS6 1,MUSIC
14/06/2017 21:11,LS8 1,OTHER
14/06/2017 04:36,LS6 1,PARTY
14/06/2017 03:05,LS25 7,DOG BARKING
14/06/2017 02:58,LS9 6,MUSIC
14/06/2017 01:33,LS10 4,MUSIC
14/06/2017 00:27,LS8 3,MUSIC
14/06/2017 00:17,LS9 6,ALARM
14/06/2017 00:11,LS10 4,MUSIC
14/06/2017 00:05,LS12 1,MUSIC
14/06/2017 00:00,LS8 3,OTHER
13/06/2017 23:59,LS25 7,DOG BARKING
13/06/2017 23:13,LS9 6,MUSIC
13/06/2017 22:50,LS17 9,OTHER
13/06/2017 22:05,LS8 1,BANGING ON WALLS/CEILING/FLOOR
13/06/2017 21:42,LS26 8,SHOUTING
13/06/2017 21:36,LS11 5,MUSIC
13/06/2017 21:25,LS27 9,TV
13/06/2017 20:50,LS14 5,MUSIC
13/06/2017 20:32,LS9 6,BANGING ON WALLS/CEILING/FLOOR
13/06/2017 20:28,LS11 0,MUSIC
13/06/2017 19:59,LS10 2R,PARTY
13/06/2017 19:38,LS16 6,DOG BARKING
13/06/2017 19:32,LS11 5,BANGING ON WALLS/CEILING/FLOOR
13/06/2017 19:25,LS4 2,BANGING ON WALLS/CEILING/FLOOR
13/06/2017 19:07,LS13 2,MUSIC
13/06/2017 08:42,LS26 8,MUSIC
13/06/2017 03:58,LS12 1,OTHER
13/06/2017 03:42,LS6 3,PARTY
13/06/2017 02:30,LS9 6,SHOUTING
13/06/2017 00:19,LS25 7,OTHER
12/06/2017 23:20,LS9 6,MUSIC
12/06/2017 23:15,LS2 9,MUSIC
12/06/2017 22:15,LS14 6,MUSIC
12/06/2017 21:23,LS14 6,MUSIC
12/06/2017 20:45,LS14 5,MUSIC
12/06/2017 18:45,LS12 2,ALARM
12/06/2017 18:09,LS14 1,MUSIC
12/06/2017 07:11,LS8 1,BANGING ON WALLS/CEILING/FLOOR
12/06/2017 05:46,Ls8 1,BANGING ON WALLS/CEILING/FLOOR
12/06/2017 03:10,LS8 1,BANGING ON WALLS/CEILING/FLOOR
12/06/2017 02:36,LS10 4,DOG BARKING
11/06/2017 23:56,LS12 2,MUSIC
11/06/2017 23:13,LS16 5,MUSIC
11/06/2017 22:57,LS9 9,MUSIC
11/06/2017 22:42,LS11 0,MUSIC
11/06/2017 22:37,LS12 2,ALARM
11/06/2017 21:58,LS9 6,MUSIC
11/06/2017 21:51,LS16 5,MUSIC
11/06/2017 20:56,LS12 3,MUSIC
11/06/2017 20:41,LS8 1,PARTY
11/06/2017 20:32,LS11 5,MUSIC
11/06/2017 20:17,LS14 5,MUSIC
11/06/2017 19:58,LS8 1,MUSIC
11/06/2017 18:33,LS8 1,PARTY
11/06/2017 18:25,LS12 2,ALARM
11/06/2017 18:14,LS14 1,MUSIC
11/06/2017 11:14,WF3 1,MUSIC
11/06/2017 09:22,LS31,OTHER
11/06/2017 03:52,Ls20 8,MUSIC
11/06/2017 03:45,Ls7 1 ,MUSIC
11/06/2017 02:42,Ls16 5,MUSIC
11/06/2017 02:36,Ls6 6,PARTY
11/06/2017 02:24,ls12 5,MUSIC
11/06/2017 02:15,ls6 1,MUSIC
11/06/2017 01:55,ls26 8,MUSIC
11/06/2017 01:46,WF3 1,PARTY
11/06/2017 01:22,ls6 2,PARTY
11/06/2017 01:11,ls1 6,MUSIC
11/06/2017 01:04,Ls16 8,MUSIC
11/06/2017 00:57,ls8 1,SHOUTING
10/06/2017 23:58,LS8 3,PARTY
10/06/2017 23:54,LS27 8,MUSIC
10/06/2017 23:49,LS8 1,BANGING ON WALLS/CEILING/FLOOR
10/06/2017 23:37,LS25 1,MUSIC
10/06/2017 23:34,LS27 8,MUSIC
10/06/2017 23:09,LS7 3,SHOUTING
10/06/2017 22:59,LS27 8,MUSIC
10/06/2017 22:48,LS27 8,MUSIC
10/06/2017 22:44,LS1 6,MUSIC
10/06/2017 22:14,LS27 8,PARTY
10/06/2017 22:08,LS27 8,MUSIC
10/06/2017 22:07,WF3 1,PARTY
10/06/2017 21:57,LS11 0,MUSIC
10/06/2017 21:55,LS27 8,PARTY
10/06/2017 21:51,LS18 5,MUSIC
10/06/2017 21:40,LS26 8,MUSIC
10/06/2017 20:58,BD11 1,DOG BARKING
10/06/2017 20:02,LS27 8,PARTY
10/06/2017 19:35,LS6 1,ALARM
10/06/2017 18:47,LS27 8,PARTY
10/06/2017 18:35,LS13 4,MUSIC
10/06/2017 18:30,LS14 5,MUSIC
10/06/2017 17:19,LS6 1,ALARM
10/06/2017 11:08,LS17 5,DOG BARKING
10/06/2017 07:52,LS14 6,DOG BARKING
10/06/2017 05:56,Ls7 1,SHOUTING
10/06/2017 05:39,Ls27 9,SHOUTING
10/06/2017 03:20,LS8 5,OTHER
10/06/2017 02:54,LS28 9,BANGING ON WALLS/CEILING/FLOOR
10/06/2017 02:41,LS11 0,MUSIC
10/06/2017 02:35,LS5 3,MUSIC
10/06/2017 02:21,LS14 6,MUSIC
10/06/2017 02:18,LS6 1,MUSIC
10/06/2017 01:58,#VALUE!,MUSIC
10/06/2017 01:55,LS14 6,MUSIC
10/06/2017 01:51,LS9 6,MUSIC
10/06/2017 01:46,LS9 7,MUSIC
10/06/2017 01:41,LS6 1,MUSIC
10/06/2017 01:32,LS15 7,MUSIC
10/06/2017 01:20,LS26 0,SHOUTING
10/06/2017 00:59,LS6 1,MUSIC
10/06/2017 00:48,LS9 6,MUSIC
10/06/2017 00:24,LS11 7,MUSIC
10/06/2017 00:15,LS1 4,BUILDING SITE
10/06/2017 00:09,LS6 1,MUSIC
09/06/2017 23:40,LS26 0,MUSIC
09/06/2017 23:23,LS14 6,MUSIC
09/06/2017 23:16,LS9 7,BANGING ON WALLS/CEILING/FLOOR
09/06/2017 23:10,LS6 2,MUSIC
09/06/2017 23:00,LS14 1,PARTY
09/06/2017 22:47,LS17 6,MUSIC
09/06/2017 22:42,LS6 2,MUSIC
09/06/2017 22:32,LS6 2,MUSIC
09/06/2017 22:30,LS13 1,MUSIC
09/06/2017 22:20,LS8 5,MUSIC
09/06/2017 21:57,LS6 1,MUSIC
09/06/2017 21:52,LS8 3,MUSIC
09/06/2017 21:48,LS11 5,MUSIC
09/06/2017 21:42,LS8 5,MUSIC
09/06/2017 21:11,LS7 1,MUSIC
09/06/2017 20:49,LS25 3,MUSIC
09/06/2017 20:41,LS9 6,MUSIC
09/06/2017 20:41,LS16 6,BANGING ON WALLS/CEILING/FLOOR
09/06/2017 20:24,LS14 1,MUSIC
09/06/2017 19:38,LS7 1,MUSIC
09/06/2017 18:57,LS8 5,MUSIC
09/06/2017 18:19,LS6 3,MUSIC
09/06/2017 18:19,LS8 1,MUSIC
09/06/2017 03:26,LS8 1,MUSIC
09/06/2017 02:44,LS27 9,SHOUTING
09/06/2017 01:18,LS8 5,SHOUTING
09/06/2017 01:14,LS8 5,MUSIC
09/06/2017 00:27,LS6 1,MUSIC
09/06/2017 00:09,LS4 2,MUSIC
08/06/2017 23:57,LS6 3,MUSIC
08/06/2017 23:48,LS11 0,MUSIC
08/06/2017 22:42,LS6 1,PARTY
08/06/2017 22:10,LS6 1,MUSIC
08/06/2017 21:50,LS11 6,SHOUTING
08/06/2017 21:45,LS26 8,SHOUTING
08/06/2017 21:34,LS8 5,MUSIC
08/06/2017 20:32,LS9 9,MUSIC
08/06/2017 07:20,LS11 0,MUSIC
08/06/2017 06:48,LS9 9,SHOUTING
08/06/2017 02:56,LS6 4,MUSIC
08/06/2017 02:31,LS6 1,MUSIC
08/06/2017 02:22,LS6 1,MUSIC
08/06/2017 01:46,LS14 1,SHOUTING
08/06/2017 01:08,LS6 1,MUSIC
08/06/2017 00:57,LS6 1,MUSIC
08/06/2017 00:51,LS6 1,MUSIC
08/06/2017 00:15,LS6 1,MUSIC
07/06/2017 23:37,LS28 5,MUSIC
07/06/2017 23:24,LS2 7,MUSIC
07/06/2017 23:01,LS27 8,MUSIC
07/06/2017 22:57,LS10 1,MUSIC
07/06/2017 22:31,LS28 7,TV
07/06/2017 22:26,LS23 6N,ALARM
07/06/2017 22:07,LS26 8,SHOUTING
07/06/2017 21:23,LS10 1,MUSIC
07/06/2017 20:27,LS12 2,SHOUTING
07/06/2017 20:20,LS9 9,MUSIC
07/06/2017 20:16,LS27 9,SHOUTING
07/06/2017 20:06,LS14 6,BANGING ON WALLS/CEILING/FLOOR
07/06/2017 19:03,LS6 3,MUSIC
07/06/2017 18:26,LS7 4,TV
07/06/2017 08:45,LS11 O,MUSIC
07/06/2017 02:50,LS8 3,PARTY
07/06/2017 02:04,LS6 2,PARTY
07/06/2017 01:44,LS27 8,MUSIC
07/06/2017 00:52,LS6 2,PARTY
07/06/2017 00:18,LS8 3,MUSIC
06/06/2017 23:55, LS6 3,MUSIC
06/06/2017 23:30,LS14 6,MUSIC
06/06/2017 21:35,LS14 6,MUSIC
06/06/2017 19:34,LS15 0,MUSIC
06/06/2017 19:32,LS14 6,MUSIC
06/06/2017 09:19,LS13 2,DOG BARKING
06/06/2017 07:39,ls14 1,SHOUTING
06/06/2017 04:29,LS6 1,MUSIC
06/06/2017 02:40,LS6 1,MUSIC
06/06/2017 01:53,LS6 1,MUSIC
06/06/2017 00:53,LS6 1,PARTY
05/06/2017 23:26,LS15 0,OTHER
05/06/2017 22:31,LS6 1,MUSIC
05/06/2017 22:08,LS6 1,ALARM
05/06/2017 21:46,LS11 5,MUSIC
05/06/2017 21:41,LS8 1,MUSIC
05/06/2017 21:25,LS6 3,SHOUTING
05/06/2017 20:25,LS8 1,MUSIC
05/06/2017 19:21,LS8 3,MUSIC
05/06/2017 03:06,LS6 2,MUSIC
05/06/2017 00:43,LS6 1,MUSIC
05/06/2017 00:23,LS6 1,MUSIC
04/06/2017 23:52,LS6 1,MUSIC
04/06/2017 23:28,LS6 1,MUSIC
04/06/2017 23:19,LS8 5,MUSIC
04/06/2017 23:05,LS9 7,MUSIC
04/06/2017 23:00,LS7 2,MUSIC
04/06/2017 22:07,LS11 6,SHOUTING
04/06/2017 22:02,LS,OTHER
04/06/2017 21:57,LS9 7,DIY
04/06/2017 21:22,LS10 3,MUSIC
04/06/2017 20:50,#VALUE!,
04/06/2017 19:27,LS6 1,MUSIC
04/06/2017 19:05,LS6 1,PARTY
04/06/2017 18:45,LS1 7,
04/06/2017 18:12,LS6 3,MUSIC
04/06/2017 16:35,ls6 3,MUSIC
04/06/2017 15:41,LS13 4,MUSIC
04/06/2017 13:03,ls13 2,
04/06/2017 12:21,ls6 1,MUSIC
04/06/2017 09:15,Ls81,
04/06/2017 08:05,LS62 ,
04/06/2017 03:08,LS27 0,MUSIC
04/06/2017 02:36,LS11 8,MUSIC
04/06/2017 02:29,LS6 1,MUSIC
04/06/2017 02:14,LS12 4,OTHER
04/06/2017 02:08,LS9 6,TV
04/06/2017 01:55,LS6 1,MUSIC
04/06/2017 01:39,LS6 1,MUSIC
04/06/2017 01:21,LS6 4,MUSIC
04/06/2017 01:16,LS25 7,MUSIC
04/06/2017 01:08,LS15 7,MUSIC
04/06/2017 01:03,LS11 8,MUSIC
04/06/2017 00:59,LS7 3,MUSIC
04/06/2017 00:50,LS12 3,MUSIC
04/06/2017 00:43,LS10 1,MUSIC
04/06/2017 00:38,LS8 5,MUSIC
04/06/2017 00:25,LS10 4,MUSIC
04/06/2017 00:17,LS6 4,MUSIC
04/06/2017 00:03,LS6 3,MUSIC
03/06/2017 23:54,WF3 2,MUSIC
03/06/2017 23:42,LS6 4,MUSIC
03/06/2017 23:34,LS11 7,MUSIC
03/06/2017 23:25,LS12 4,MUSIC
03/06/2017 23:16,LS8 5,MUSIC
03/06/2017 23:01,LS18 4,SHOUTING
03/06/2017 22:53,LS6 3,MUSIC
03/06/2017 22:48,WF3 2,MUSIC
03/06/2017 22:29,LS15 7,MUSIC
03/06/2017 22:24,LS14 5,MUSIC
03/06/2017 22:00,LS10 3,MUSIC
03/06/2017 21:53,LS6 1,MUSIC
03/06/2017 21:30,LS,MUSIC
03/06/2017 21:21,LS6 3,MUSIC
03/06/2017 21:14,LS27 9,DOG BARKING
03/06/2017 20:28,LS6 1,MUSIC
03/06/2017 19:52,LS13 2,MUSIC
03/06/2017 19:48,LS6 1,PARTY
03/06/2017 19:47,BEECHWOOD MOU,PARTY
03/06/2017 19:43,LS12 2,MUSIC
03/06/2017 19:11,LS4 2,PARTY
03/06/2017 19:08,LS9 0,MUSIC
03/06/2017 18:20,LS4 2,MUSIC
03/06/2017 17:02,LS14 5,MUSIC
03/06/2017 16:59,LS7 43,MUSIC
03/06/2017 16:53,LS6 1,MUSIC
03/06/2017 16:11,ls27 9,DOG BARKING
03/06/2017 14:58,ls12 3,MUSIC
03/06/2017 14:17,Ls2 7,PARTY
03/06/2017 14:08,LS2 7,SHOUTING
03/06/2017 13:57,LS28 8N,OTHER
03/06/2017 13:45,LS17 6,ALARM
03/06/2017 11:02,LS1 3,MUSIC
03/06/2017 10:36,LS19 6,DOG BARKING
03/06/2017 09:58,LS12 1,DIY
03/06/2017 09:26,Ls8 3,PARTY
03/06/2017 09:19,Ls8 3,PARTY
03/06/2017 09:03,LS13 3,MUSIC
03/06/2017 06:20,LS9 6,MUSIC
03/06/2017 04:11,LS28 5,MUSIC
03/06/2017 03:02,LS6 1,MUSIC
03/06/2017 02:54,LS6 1,MUSIC
03/06/2017 02:46,LS15 7,MUSIC
03/06/2017 02:40,LS6 1,MUSIC
03/06/2017 02:33,LS6 1,MUSIC
03/06/2017 02:23,LS20 8,MUSIC
03/06/2017 02:13,LS2 9,MUSIC
03/06/2017 02:02,LS10 3,MUSIC
03/06/2017 01:41,LS9 7,MUSIC
03/06/2017 01:34,LS3 1,PARTY
03/06/2017 01:24,LS6 1,MUSIC
03/06/2017 01:17,LS1 3,MUSIC
03/06/2017 01:12,LS6 1,PARTY
03/06/2017 01:01,LS11 6,SHOUTING
03/06/2017 00:54,LS6 1N,MUSIC
03/06/2017 00:47,LS6 1,MUSIC
03/06/2017 00:29,LS6 2,MUSIC
02/06/2017 23:38,LS6 1,PARTY
02/06/2017 23:12,LS6 1,PARTY
02/06/2017 23:03,LS11 8,MUSIC
02/06/2017 22:54,LS7 4,MUSIC
02/06/2017 22:50,LS12 4,ALARM
02/06/2017 22:49,LS6 1,MUSIC
02/06/2017 22:44,LS6 1,MUSIC
02/06/2017 22:25,LS7 1,MUSIC
02/06/2017 22:19,LS6 1,MUSIC
02/06/2017 22:12,LS6 1,MUSIC
02/06/2017 21:39,LS9 7,MUSIC
02/06/2017 21:31,LS1 3,MUSIC
02/06/2017 21:29,LS6 1,MUSIC
02/06/2017 21:22,LS7 1,MUSIC
02/06/2017 21:19,LS6 1,PARTY
02/06/2017 21:14,LS16 5,MUSIC
02/06/2017 20:33,LS7 4,MUSIC
02/06/2017 20:31,LS9 7,DIY
02/06/2017 20:20,LS6 1,PARTY
02/06/2017 20:12,LS9 7,DIY
02/06/2017 08:55,LS6 2,MUSIC
02/06/2017 08:02,LS17 5,OTHER
02/06/2017 07:46,LS6 3,MUSIC
02/06/2017 03:12,LS6 1,MUSIC
02/06/2017 02:43,LS12 4,SHOUTING
02/06/2017 01:59,WF3 1,OTHER
02/06/2017 01:56,LS6 1,PARTY
02/06/2017 01:37,LS12 4,SHOUTING
02/06/2017 01:32,LS6 1,MUSIC
02/06/2017 01:16,LS14 6,SHOUTING
02/06/2017 01:08,LS6 1,MUSIC
02/06/2017 00:59,LS6 1,SHOUTING
02/06/2017 00:54,LS6 1,MUSIC
02/06/2017 00:39,LS11 0,MUSIC
02/06/2017 00:35,LS11 0,MUSIC
01/06/2017 23:54,LS6 1,PARTY
01/06/2017 23:46,LS6 1,MUSIC
01/06/2017 23:43,LS7 3,MUSIC
01/06/2017 23:36,LS9 6,PARTY
01/06/2017 23:32,LS1 5,MUSIC
01/06/2017 23:20,LS6 1,PARTY
01/06/2017 23:10,LS6 3,PARTY
01/06/2017 22:32,LS6 1,MUSIC
01/06/2017 22:28,LS6 1,MUSIC
01/06/2017 22:23,LS11 5,MUSIC
01/06/2017 22:03,LS6 1,MUSIC
01/06/2017 21:54,LS6 1,PARTY
01/06/2017 21:41,LS9 6,MUSIC
01/06/2017 21:20,LS14 6,MUSIC
01/06/2017 21:16,LS6 1,MUSIC
01/06/2017 21:10,LS6 1,MUSIC
01/06/2017 21:05,LS6 1,MUSIC
01/06/2017 20:00,LS6 1,MUSIC
01/06/2017 19:57,LS14 6P,MUSIC
01/06/2017 19:55,LS14 1,MUSIC
01/06/2017 19:47,LS6 1A,MUSIC
01/06/2017 19:40,LS7 4R,TV
01/06/2017 19:39,LS6 1,MUSIC
01/06/2017 19:11,LS20 9L,OTHER
01/06/2017 18:56,LS12 5N,BANGING ON WALLS/CEILING/FLOOR
01/06/2017 18:33,LS14 2B,MUSIC
01/06/2017 04:38,LS6 4,MUSIC
01/06/2017 04:15,LS133,MUSIC
01/06/2017 03:21,LS8 5,MUSIC
01/06/2017 02:31,LS6 1,MUSIC
01/06/2017 02:22,LS9 6,DOG BARKING
01/06/2017 01:26,LS11 6,SHOUTING
01/06/2017 00:38,LS11 6,SHOUTING
01/06/2017 00:34,LS8 2,MUSIC
01/06/2017 00:20,LS9 6,DOG BARKING
01/06/2017 00:13,LS6 1,MUSIC
01/06/2017 00:12,LS16 6,SHOUTING
31/05/2017 23:57,LS6 3,PARTY
31/05/2017 23:37,LS8 2,MUSIC
31/05/2017 23:32,LS9 6,MUSIC
31/05/2017 23:23,LS9 6,SHOUTING
31/05/2017 23:17,LS4 2,PARTY
31/05/2017 23:10,LS9 6,MUSIC
31/05/2017 22:43,LS11 6,SHOUTING
31/05/2017 22:34,LS14 6,MUSIC
31/05/2017 22:31,LS6 1,MUSIC
31/05/2017 21:57,LS6 1,MUSIC
31/05/2017 21:51,LS9 9,MUSIC
31/05/2017 21:43,LS9 7,MUSIC
31/05/2017 21:38,LS6 1,MUSIC
31/05/2017 21:26,LS6 1,MUSIC
31/05/2017 20:13,LS6 1,MUSIC
31/05/2017 19:11,LS9 6,MUSIC
31/05/2017 18:04,LS11 0,MUSIC
31/05/2017 01:01,LS6 1,SHOUTING
31/05/2017 00:35,WF3 1,OTHER
31/05/2017 00:10,LS11 0,BANGING ON WALLS/CEILING/FLOOR
30/05/2017 23:12,LS3 1,MUSIC
30/05/2017 22:42,LS27 9,DOG BARKING
30/05/2017 22:34,LS12 3,BANGING ON WALLS/CEILING/FLOOR
30/05/2017 22:15,LS7 2,MUSIC
30/05/2017 22:13,LS15 0,DOG BARKING
30/05/2017 21:53,LS7 4,SHOUTING
30/05/2017 21:47,LS9 6,MUSIC
30/05/2017 21:03,LS14 5,DOG BARKING
30/05/2017 20:29,LS28 5,MUSIC
30/05/2017 20:18,LS7 4,TV
30/05/2017 20:10,LS6 1,MUSIC
30/05/2017 19:28,LS26 0,DIY
30/05/2017 19:12,LS14 1,MUSIC
30/05/2017 07:03,LS1 3,MUSIC
30/05/2017 04:13,LS61,PARTY
30/05/2017 02:59,LS,MUSIC
30/05/2017 02:33,LS27 7,SHOUTING
30/05/2017 00:49,LS1 6,MUSIC
30/05/2017 00:18,LS6 1,MUSIC
30/05/2017 00:10,LS7 3,MUSIC
29/05/2017 23:30,LS9 6,DOG BARKING
29/05/2017 22:05,LS10 2,MUSIC
29/05/2017 21:59,LS28 8,MUSIC
29/05/2017 21:51,WF3 2,MUSIC
29/05/2017 21:17,LS15 4,
29/05/2017 21:04,LS9 7,MUSIC
29/05/2017 20:05,LS15 6,MUSIC
29/05/2017 19:59,LS15 0,OTHER
29/05/2017 19:50,LS14 5,MUSIC
29/05/2017 19:17,LS14 6,OTHER
29/05/2017 18:59,LS4 2,MUSIC
29/05/2017 18:21,LS9 7,SHOUTING
29/05/2017 16:38,LS6 1,MUSIC
29/05/2017 09:42,LS14 2,MUSIC
29/05/2017 05:14,LS6 1,MUSIC
29/05/2017 04:25,LS12 1,MUSIC
29/05/2017 04:10,LS6 1,MUSIC
29/05/2017 02:36,BD11 1,MUSIC
29/05/2017 02:32,LS6 1,MUSIC
29/05/2017 02:25,LS6 3,MUSIC
29/05/2017 01:34,LS12 1,MUSIC
29/05/2017 01:17,LS9 7,SHOUTING
29/05/2017 01:03,LS6 1,PARTY
29/05/2017 00:58,LS8 5,MUSIC
29/05/2017 00:51,LS6 1,PARTY
29/05/2017 00:48,LS4 2,MUSIC
29/05/2017 00:40,LS42,PARTY
29/05/2017 00:31,LS6 1,PARTY
29/05/2017 00:24,LS6 3,MUSIC
29/05/2017 00:12,LS15 7,PARTY
29/05/2017 00:05,LS6 1,PARTY
29/05/2017 00:04,LS8 3,MUSIC
28/05/2017 23:59,LS8 5,MUSIC
28/05/2017 23:51,WF3 1,OTHER
28/05/2017 23:39,LS9 6,MUSIC
28/05/2017 23:32,ls26 0,DOG BARKING
28/05/2017 23:20,LS6 1,MUSIC
28/05/2017 23:12,LS6 4,ALARM
28/05/2017 23:05,LS13 4,MUSIC
28/05/2017 23:02,LS18 4,
28/05/2017 23:00,LS16 7,PARTY
28/05/2017 22:47,LS27 7,DOG BARKING
28/05/2017 22:37,LS28 5,MUSIC
28/05/2017 22:29,LS17 6,OTHER
28/05/2017 22:21,LS8 3,MUSIC
28/05/2017 22:21,LS9 7,MUSIC
28/05/2017 22:14,LS28 5,MUSIC
28/05/2017 21:39,LS3 1,MUSIC
28/05/2017 20:23,LS2 7,MUSIC
28/05/2017 20:05,LS14 5,DOG BARKING
28/05/2017 19:54,LS9 6,MUSIC
28/05/2017 19:42,LS14 1,MUSIC
28/05/2017 19:11,LS11 7,MUSIC
28/05/2017 19:05,LS14 6,MUSIC
28/05/2017 19:00,LS6 1,MUSIC
28/05/2017 18:51,LS3 1,MUSIC
28/05/2017 18:31,LS12 5,MUSIC
28/05/2017 16:31,LS27 9,MUSIC
28/05/2017 16:21,LS10 4,MUSIC
28/05/2017 16:17,LS1 1 ,MUSIC
28/05/2017 15:47,LS6 1,MUSIC
28/05/2017 15:24,LS14 2,MUSIC
28/05/2017 15:11,LS1 3,MUSIC
28/05/2017 13:33,LS7 3,MUSIC
28/05/2017 13:04,LS6 1,MUSIC
28/05/2017 12:21,LS15 4,
28/05/2017 05:01,LS6 1,PARTY
28/05/2017 04:45,LS6 1,MUSIC
28/05/2017 04:18,LS8 4,MUSIC
28/05/2017 03:59,LS5 3,TV
28/05/2017 03:28,LS14 5,TV
28/05/2017 03:21,LS6 1,PARTY
28/05/2017 02:49,LS11 0,MUSIC
28/05/2017 02:41,LS6 3,MUSIC
28/05/2017 02:26,LS7 3,PARTY
28/05/2017 01:33,LS6 1,PARTY
28/05/2017 01:11,LS6 3,MUSIC
28/05/2017 01:04,LS4 2,MUSIC
28/05/2017 01:00,LS8 2,MUSIC
28/05/2017 00:53,LS6 3,MUSIC
28/05/2017 00:46,LS27 0,PARTY
28/05/2017 00:37,LS27 0,MUSIC
28/05/2017 00:28,LS11 9,MUSIC
28/05/2017 00:24,LS6 3,PARTY
28/05/2017 00:00,LS13 1,MUSIC
27/05/2017 23:56,LS1 6,MUSIC
27/05/2017 23:43,LS8 5,MUSIC
27/05/2017 23:36,LS4 2,PARTY
27/05/2017 23:22,LS6 1,MUSIC
27/05/2017 23:14,LS1 6,MUSIC
27/05/2017 22:58,LS15 4,MUSIC
27/05/2017 22:51,LS15 4,MUSIC
27/05/2017 22:45,LS15 4,MUSIC
27/05/2017 22:42,LS15 4,MUSIC
27/05/2017 22:38,LS15 4,
27/05/2017 22:34,LS15 4D,MUSIC
27/05/2017 22:28,LS15 4,MUSIC
27/05/2017 22:14,LS11 7,MUSIC
27/05/2017 22:09,LS27 8,MUSIC
27/05/2017 21:55,LS4 2,PARTY
27/05/2017 21:20,LS15 4,
27/05/2017 21:19,LS13 2,MUSIC
27/05/2017 21:12,LS26 0,MUSIC
27/05/2017 21:07,LS15 4,OTHER
27/05/2017 21:06,LS15 4,MUSIC
27/05/2017 21:01,LS14 1,MUSIC
27/05/2017 20:58,LS6 1,PARTY
27/05/2017 20:57,LS15 4,MUSIC
27/05/2017 20:54,LS15 4,MUSIC
27/05/2017 20:44,LS12 2,MUSIC
27/05/2017 20:38,LS15 4,MUSIC
27/05/2017 20:22,LS26 0,MUSIC
27/05/2017 20:11,#VALUE!,MUSIC
27/05/2017 20:02,LS9 7,MUSIC
27/05/2017 19:37,LS14 5,MUSIC
27/05/2017 19:35,LS14 6,BANGING ON WALLS/CEILING/FLOOR
27/05/2017 19:20,LS1 2,ALARM
27/05/2017 18:37,LS6 1,MUSIC
27/05/2017 18:12,LS10 1,MUSIC
27/05/2017 17:11,LS9 7P,MUSIC
27/05/2017 17:08,LS8 3,MUSIC
27/05/2017 15:24,LS15 0,ALARM
27/05/2017 09:19,LS14 6,DOG BARKING
27/05/2017 08:32,LS6 1,MUSIC
27/05/2017 08:19,LS6 1,MUSIC
27/05/2017 07:45,LS6 1,MUSIC
27/05/2017 07:37,LS6 1,MUSIC
27/05/2017 07:16,LS12 5,MUSIC
27/05/2017 02:49,LS6 4,SHOUTING
27/05/2017 02:41,LS13 1,SHOUTING
27/05/2017 02:35,LS14 6,MUSIC
27/05/2017 02:27,LS6 3,PARTY
27/05/2017 02:17,LS6 1,MUSIC
27/05/2017 02:13,LS12 2,MUSIC
27/05/2017 01:38,LS16 6,MUSIC
27/05/2017 01:28,LS10 1,MUSIC
27/05/2017 01:15,LS6 1,SHOUTING
27/05/2017 01:10,LS7 3,MUSIC
27/05/2017 01:04,LS12 4,SHOUTING
27/05/2017 00:27,LS6 1,MUSIC
27/05/2017 00:23,LS19 7,MUSIC
27/05/2017 00:09,LS15 7,MUSIC
27/05/2017 00:04,LS6 1,MUSIC
26/05/2017 23:49,LS21 3,MUSIC
26/05/2017 23:44,LS12 4,MUSIC
26/05/2017 23:38,LS13 3,MUSIC
26/05/2017 22:48,LS9 7,ALARM
26/05/2017 22:15,LS6 1,SHOUTING
26/05/2017 22:11,LS6 1,PARTY
26/05/2017 22:05,LS14 5,MUSIC
26/05/2017 22:02,LS14 5,PARTY
26/05/2017 21:57,LS28 5,MUSIC
26/05/2017 21:52,LS9 6,MUSIC
26/05/2017 20:53,LS10 3,MUSIC
26/05/2017 20:44,LS15 7,DOG BARKING
26/05/2017 20:30,LS7 4,MUSIC
26/05/2017 19:47,LS6 1,MUSIC
26/05/2017 19:31,LS27 8,MUSIC
26/05/2017 18:20,LS14 5,MUSIC
26/05/2017 18:15,LS6 3,MUSIC
26/05/2017 08:30,LS8 5,MUSIC
26/05/2017 02:59,LS12 4,MUSIC
26/05/2017 02:00,LS6 1,MUSIC
26/05/2017 00:56,LS6 1,MUSIC
26/05/2017 00:38,LS6 1,MUSIC
26/05/2017 00:26,LS8 5,SHOUTING
26/05/2017 00:22,LS6 1,MUSIC
26/05/2017 00:02,LS8 5,MUSIC
25/05/2017 23:56,LS12 5,MUSIC
25/05/2017 23:52,LS6 1,MUSIC
25/05/2017 23:46,LS17 6,MUSIC
25/05/2017 23:22,LS6 1,MUSIC
25/05/2017 23:14,LS17 6L,MUSIC
25/05/2017 23:10,LS19 7,MUSIC
25/05/2017 22:59,LS6 1,MUSIC
25/05/2017 22:44,LS6 3,SHOUTING
25/05/2017 22:30,LS15 0,DOG BARKING
25/05/2017 22:15,LS9 8,MUSIC
25/05/2017 22:09,LS13 2,MUSIC
25/05/2017 22:05,LS9 0,MUSIC
25/05/2017 21:57,LS12 5,MUSIC
25/05/2017 21:41,LS12 5,MUSIC
25/05/2017 21:19,LS26 8,OTHER
25/05/2017 20:46,LS28 5,ALARM
25/05/2017 20:38,LS8 3,MUSIC
25/05/2017 20:02,LS14 6,MUSIC
25/05/2017 19:40,LS27 9,DOG BARKING
25/05/2017 19:32,LS11 0,MUSIC
25/05/2017 18:50,LS8 3,MUSIC
25/05/2017 03:00,LS6 4,SHOUTING
25/05/2017 02:27,LS7 1,MUSIC
25/05/2017 02:20,LS7 1,MUSIC
25/05/2017 01:44,LS11 0,MUSIC
25/05/2017 01:21,LS6 1,SHOUTING
25/05/2017 01:02,LS17 5,BANGING ON WALLS/CEILING/FLOOR
25/05/2017 00:53,LS28 7,MUSIC
25/05/2017 00:08,LS14 6,MUSIC
25/05/2017 00:04,LS18 4,MUSIC
24/05/2017 23:59,LS9 8,MUSIC
24/05/2017 23:55,LS4 2,MUSIC
24/05/2017 23:51,WF3 1,OTHER
24/05/2017 23:37,LS6 1,MUSIC
24/05/2017 23:30,LS8 1,BANGING ON WALLS/CEILING/FLOOR
24/05/2017 23:27,LS11 7,TV
24/05/2017 23:22,LS6 1,MUSIC
24/05/2017 23:12,LS9 7,DIY
24/05/2017 23:04,LS18 5,ALARM
24/05/2017 22:58,LS6 1,MUSIC
24/05/2017 22:53,LS11 6,SHOUTING
24/05/2017 22:32,L,MUSIC
24/05/2017 22:12,LS6 1,MUSIC
24/05/2017 22:08,LS4 2,SHOUTING
24/05/2017 21:30,LS8 5,MUSIC
24/05/2017 21:06,LS9 7,DIY
24/05/2017 20:30,LS9 7,MUSIC
24/05/2017 20:12,LS8 3,MUSIC
24/05/2017 19:54,LS7 1,MUSIC
24/05/2017 19:32,LS13 3,OTHER
24/05/2017 19:22,LS6 1S,MUSIC
24/05/2017 19:02,LS6 3,OTHER
24/05/2017 18:10,LS14 6,MUSIC
24/05/2017 02:39,LS12 3,PARTY
24/05/2017 01:52,LS15 7,MUSIC
24/05/2017 01:23,WF3 1,
24/05/2017 00:58,LS14 6,MUSIC
24/05/2017 00:33,LS8 1,MUSIC
24/05/2017 00:29,LS9 6,MUSIC
23/05/2017 23:44,WF3 1,OTHER
23/05/2017 23:31,LS16 6,SHOUTING
23/05/2017 23:21,LS6 3,MUSIC
23/05/2017 23:13,LS13 1,MUSIC
23/05/2017 23:10,LS10 2,MUSIC
23/05/2017 23:06,LS9 6,SHOUTING
23/05/2017 22:56,LS18 4,SHOUTING
23/05/2017 22:13,LS14 6,MUSIC
23/05/2017 21:46,LS6 3,MUSIC
23/05/2017 21:00,LS6 1,MUSIC
23/05/2017 20:22,LS14 1,MUSIC
23/05/2017 20:07,LS27 9,SHOUTING
23/05/2017 19:54,LS8 3,MUSIC
23/05/2017 19:39,LS7 1H,MUSIC
23/05/2017 19:24,LS25 7,MUSIC
23/05/2017 19:10,LS16 5,MUSIC
23/05/2017 19:00,LS9 9,DOG BARKING
23/05/2017 18:49,LS27 9,DOG BARKING
23/05/2017 18:39,LS12 5N,BANGING ON WALLS/CEILING/FLOOR
23/05/2017 18:28,LS7 4,TV
23/05/2017 08:20,LS16 6,MUSIC
23/05/2017 07:31,LS11 0,SHOUTING
23/05/2017 06:55,LS16 5,BANGING ON WALLS/CEILING/FLOOR
23/05/2017 05:42,LS5 3,MUSIC
23/05/2017 05:34,LS11 0,SHOUTING
23/05/2017 02:00,LS11 8,MUSIC
23/05/2017 01:52,#VALUE!,
23/05/2017 01:47,LS12 1,BANGING ON WALLS/CEILING/FLOOR
23/05/2017 00:33,LS10 4,SHOUTING
23/05/2017 00:29,#VALUE!,PARTY
23/05/2017 00:25,WF3 1,OTHER
23/05/2017 00:16,LS6 3,PARTY
22/05/2017 23:56,LS6 3,MUSIC
22/05/2017 23:40,LS6 3,PARTY
22/05/2017 22:19,LS11 0,SHOUTING
22/05/2017 21:37,LS12 2,MUSIC
22/05/2017 20:49,LS9 7,MUSIC
22/05/2017 20:27,LS25 2,OTHER
22/05/2017 20:06,LS16 6,MUSIC
22/05/2017 20:05,LS12 1,DOG BARKING
22/05/2017 19:34,LS12 1,DOG BARKING
22/05/2017 19:19,LS14 6,MUSIC
22/05/2017 18:49,LS14 1,MUSIC
22/05/2017 06:56,LS16 5,SHOUTING
22/05/2017 02:20,LS11 6,MUSIC
22/05/2017 00:31,LS9 6,MUSIC
21/05/2017 23:48,WF3 1,OTHER
21/05/2017 23:43,LS8 1,MUSIC
21/05/2017 23:06,LS8 3,SHOUTING
21/05/2017 22:48,LS16 5,MUSIC
21/05/2017 22:43,LS26 8,SHOUTING
21/05/2017 22:35,LS17 6,PARTY
21/05/2017 22:15,LS13 4,MUSIC
21/05/2017 22:06,LS11 6,SHOUTING
21/05/2017 21:49,LS16 5,MUSIC
21/05/2017 21:35,LS12 5,MUSIC
21/05/2017 21:15,LS5 3,PARTY
21/05/2017 20:50,LS13 4,MUSIC
21/05/2017 20:04,LS5 3,MUSIC
21/05/2017 20:03,LS17 5,MUSIC
21/05/2017 19:10,LS14 1,MUSIC
21/05/2017 18:52,LS12 3,MUSIC
21/05/2017 18:47,LS25 3,MUSIC
21/05/2017 18:33,LS25 3,MUSIC
21/05/2017 18:16,LS25 4,BANGING ON WALLS/CEILING/FLOOR
21/05/2017 18:07,LS119,MUSIC
21/05/2017 11:36,LS8 5,MUSIC
21/05/2017 10:06,LS8 1,MUSIC
21/05/2017 09:08,LS17  8,BANGING ON WALLS/CEILING/FLOOR
21/05/2017 08:41,LS16 5,MUSIC
21/05/2017 08:06,LS11 7,MUSIC
21/05/2017 07:02,LS6 1,MUSIC
21/05/2017 05:58,LS6 1,MUSIC
21/05/2017 05:12,LS6 1,PARTY
21/05/2017 04:59,LS6 3,BANGING ON WALLS/CEILING/FLOOR
21/05/2017 03:03,LS9 7,MUSIC
21/05/2017 02:25,LS8 1,MUSIC
21/05/2017 02:19,LS6 3,MUSIC
21/05/2017 01:30,LS15 4,PARTY
21/05/2017 01:22,LS6 3,PARTY
21/05/2017 01:15,LS1 6,MUSIC
21/05/2017 01:07,LS4 2,MUSIC
21/05/2017 01:03,LS1 3,MUSIC
21/05/2017 00:50,LS6 1,PARTY
21/05/2017 00:29,LS9 6,MUSIC
21/05/2017 00:23,LS28 5,MUSIC
21/05/2017 00:19,LS12 5,MUSIC
21/05/2017 00:13,WF3 1,OTHER
20/05/2017 23:57,LS4 2,MUSIC
20/05/2017 23:54,LS8 1,MUSIC
20/05/2017 23:49,WF3 1,MUSIC
20/05/2017 23:40,LS9 6,
20/05/2017 23:32,LS18 4,MUSIC
20/05/2017 23:11,LS18 4,MUSIC
20/05/2017 22:49,LS14 6,MUSIC
20/05/2017 22:29,LS25 4,SHOUTING
20/05/2017 22:25,LS8 3,MUSIC
20/05/2017 22:02,LS8 2,DOG BARKING
20/05/2017 21:33,LS13 2,MUSIC
20/05/2017 21:27,LS6 1,MUSIC
20/05/2017 21:22,LS15 8,MUSIC
20/05/2017 21:18,LS21 2,MUSIC
20/05/2017 21:08,LS15 8,PARTY
20/05/2017 19:41,LS27 9,DOG BARKING
20/05/2017 19:32,LS7 4,MUSIC
20/05/2017 18:54,LS17 8,MUSIC
20/05/2017 18:49,LS9 7,MUSIC
20/05/2017 16:22,LS14 5,MUSIC
20/05/2017 16:02,LS110,DOG BARKING
20/05/2017 14:01,LS9 9,MUSIC
20/05/2017 13:24,LS7 4,TV
20/05/2017 11:47,LS12 2,PARTY
20/05/2017 10:54,LS7 4,MUSIC
20/05/2017 10:34,LS12 2,MUSIC
20/05/2017 08:06,LS16 5,MUSIC
20/05/2017 07:52,LS7 4,
20/05/2017 05:54,LS3 1,PARTY
20/05/2017 05:42,LS7 4,BANGING ON WALLS/CEILING/FLOOR
20/05/2017 04:55,LS12 2,MUSIC
20/05/2017 04:48,Ls6 1,MUSIC
20/05/2017 04:32,LS12 3,TV
20/05/2017 02:52,LS6 3,MUSIC
20/05/2017 02:18,LS3 1,MUSIC
20/05/2017 01:46,LS6 1,MUSIC
20/05/2017 01:42,LS8 5,MUSIC
20/05/2017 01:35,LS12 3,TV
20/05/2017 01:24,LS6 1,PARTY
20/05/2017 01:15,LS14 6,MUSIC
20/05/2017 01:10,LS6 2,MUSIC
20/05/2017 00:57,LS3 1,MUSIC
20/05/2017 00:52,LS6 1,MUSIC
20/05/2017 00:32,LS6 1,MUSIC
20/05/2017 00:26,WF3 2,MUSIC
20/05/2017 00:20,WF3 2,MUSIC
20/05/2017 00:10,WF3 1,OTHER
19/05/2017 23:59,LS12 2,SHOUTING
19/05/2017 23:54,#VALUE!,
19/05/2017 23:41,LS9 7,MUSIC
19/05/2017 23:17,LS3 1,MUSIC
19/05/2017 23:13,LS6 1,MUSIC
19/05/2017 23:10,LS11 8,MUSIC
19/05/2017 22:43,LS14 5,MUSIC
19/05/2017 22:16,LS10 2,BANGING ON WALLS/CEILING/FLOOR
19/05/2017 22:11,LS26 8,BANGING ON WALLS/CEILING/FLOOR
19/05/2017 22:07,LS13 2,MUSIC
19/05/2017 21:31,LS14 5,MUSIC
19/05/2017 21:20,LS17 6,DIY
19/05/2017 21:11,LS12 5,PARTY
19/05/2017 21:06,LS16 5,MUSIC
19/05/2017 21:02,LS19 7,MUSIC
19/05/2017 20:22,LS16 6,MUSIC
19/05/2017 19:38,LS14 6,MUSIC
19/05/2017 19:32,LS11 7,OTHER
19/05/2017 18:42,LS16 5,MUSIC
19/05/2017 05:11,LS7 1,MUSIC
19/05/2017 04:17,LS16 5,BANGING ON WALLS/CEILING/FLOOR
19/05/2017 04:06,LS16 6,BANGING ON WALLS/CEILING/FLOOR
19/05/2017 02:54,LS28 9,DIY
19/05/2017 01:31,LS6 3,MUSIC
19/05/2017 01:18,LS6 3,MUSIC
19/05/2017 01:14,LS6 2,MUSIC
19/05/2017 01:09,LS9 8,MUSIC
19/05/2017 00:56,LS6 1,MUSIC
19/05/2017 00:47,LS6 3,MUSIC
19/05/2017 00:18,LS6 1,MUSIC
19/05/2017 00:07,LS6 3,MUSIC
18/05/2017 23:39,WF3 1,OTHER
18/05/2017 23:31,LS12 3,MUSIC
18/05/2017 23:20,LS7 2,SHOUTING
18/05/2017 23:12,LS6 1,MUSIC
18/05/2017 22:12,LS14 6,TV
18/05/2017 21:55,LS12 1,MUSIC
18/05/2017 21:31,LS10 1,MUSIC
18/05/2017 21:26,LS14 6,MUSIC
18/05/2017 21:21,LS26 8,BANGING ON WALLS/CEILING/FLOOR
18/05/2017 20:43,LS9 7,DIY
18/05/2017 20:37,LS9 8,MUSIC
18/05/2017 20:01,LS14 6P,BANGING ON WALLS/CEILING/FLOOR
18/05/2017 19:43,LS12 1,DOG BARKING
18/05/2017 19:39,LS16 5E,BANGING ON WALLS/CEILING/FLOOR
18/05/2017 19:05,LS8 3,OTHER
18/05/2017 18:33,LS7 1,MUSIC
18/05/2017 18:17,LS12 1Y,DOG BARKING
18/05/2017 12:52,LS27 8,ALARM
18/05/2017 12:51,LS9 8,MUSIC
18/05/2017 12:50,LS16 5,MUSIC
18/05/2017 12:49,LS14 6,MUSIC
18/05/2017 12:48,LS14 6,MUSIC
18/05/2017 12:48,LS7 2,DIY
18/05/2017 12:47,LS9 9,MUSIC
18/05/2017 12:47,LS16 5,MUSIC
18/05/2017 06:54,LS16 5,MUSIC
18/05/2017 02:35,LS6 3,PARTY
18/05/2017 02:10,LS8 5,ALARM
18/05/2017 01:30,LS6 1,MUSIC
18/05/2017 00:07,WF3 1,OTHER
18/05/2017 00:02,LS6 2,MUSIC
17/05/2017 23:57,LS11 0,MUSIC
17/05/2017 23:54,LS11 8,MUSIC
17/05/2017 23:18,LS16 5,MUSIC
17/05/2017 23:06,LS4 2,MUSIC
17/05/2017 22:30,LS6 1,MUSIC
17/05/2017 22:13,LS9 7,MUSIC
17/05/2017 22:02,LS28 5,MUSIC
17/05/2017 21:42,LS17 6,BANGING ON WALLS/CEILING/FLOOR
17/05/2017 04:39,LS6 2,ALARM
17/05/2017 01:47,LS7 3,MUSIC
17/05/2017 00:53,LS7 2,MUSIC
17/05/2017 00:21,LS6 3,PARTY
16/05/2017 23:57,WF3 1,OTHER
16/05/2017 23:54,LS17 7,MUSIC
16/05/2017 23:40,LS12 2,DOG BARKING
16/05/2017 23:10,LS17 6,OTHER
16/05/2017 23:05,LS6 1,PARTY
16/05/2017 22:31,LS11 7,MUSIC
16/05/2017 22:27,LS8 2,DOG BARKING
16/05/2017 22:16,LS14 6,SHOUTING
16/05/2017 21:35,LS8 3,DIY
16/05/2017 20:58,LS1 7,ALARM
16/05/2017 20:53,LS12 1,DOG BARKING
16/05/2017 20:15,LS25 2,OTHER
16/05/2017 19:50,LS13 3,MUSIC
16/05/2017 19:26,LS14 5,MUSIC
16/05/2017 18:53,LS14 5,MUSIC
16/05/2017 07:17,LS16 5,MUSIC
16/05/2017 02:43,LS3 1,MUSIC
16/05/2017 01:45,LS12 5,OTHER
16/05/2017 00:18,LS6 4,PARTY
15/05/2017 23:40,WF3 1,OTHER
15/05/2017 23:31,LS6 1,PARTY
15/05/2017 22:26,LS6 3,ALARM
15/05/2017 22:01,LS26 8,BANGING ON WALLS/CEILING/FLOOR
15/05/2017 21:48,LS17 5,MUSIC
15/05/2017 21:37,LS8 3,DIY
15/05/2017 21:31,LS12 1,MUSIC
15/05/2017 21:15,LS17 5,MUSIC
15/05/2017 20:55,LS12 2,BANGING ON WALLS/CEILING/FLOOR
15/05/2017 19:19,LS14 5,MUSIC
15/05/2017 03:12,LS6 2,MUSIC
15/05/2017 01:04,LS4 2,MUSIC
15/05/2017 00:55,LS8 3,BANGING ON WALLS/CEILING/FLOOR
15/05/2017 00:34,LS6 1,MUSIC
15/05/2017 00:05,LS14 6,MUSIC
14/05/2017 22:59,LS27 9,MUSIC
14/05/2017 22:33,LS7 4,ALARM
14/05/2017 22:27,LS6 1,MUSIC
14/05/2017 22:12,LS8 3,MUSIC
14/05/2017 21:50,LS6 1,PARTY
14/05/2017 21:47,LS14 6,MUSIC
14/05/2017 21:43,WF10 2,MUSIC
14/05/2017 21:34,LS6 3,MUSIC
14/05/2017 21:28,LS9 0,MUSIC
14/05/2017 21:21,LS16 6,MUSIC
14/05/2017 19:33,LS7 4,TV
14/05/2017 19:00,LS16 5,MUSIC
14/05/2017 18:10,LS6 1,PARTY
14/05/2017 16:17,LS16 5,MUSIC
14/05/2017 16:12,LS12 2,MUSIC
14/05/2017 15:48,LS6 1,MUSIC
14/05/2017 14:40,LS8 3,MUSIC
14/05/2017 12:55,LS11 8,MUSIC
14/05/2017 11:23,LS6 4,MUSIC
14/05/2017 08:27,LS5 3,MUSIC
14/05/2017 08:07,LS16 5,MUSIC
14/05/2017 06:52,LS12 3,MUSIC
14/05/2017 06:42,LS12 1,MUSIC
14/05/2017 06:17,LS6 1,MUSIC
14/05/2017 05:11,LS4 2,MUSIC
14/05/2017 03:55,LS4 2,MUSIC
14/05/2017 03:46,LS12 2,MUSIC
14/05/2017 02:24,LS18 4,MUSIC
14/05/2017 02:10,LS9 8,MUSIC
14/05/2017 01:38,LS12 2,MUSIC
14/05/2017 01:06,L,MUSIC
14/05/2017 00:50,LS5 2,MUSIC
14/05/2017 00:44,LS13 2,BANGING ON WALLS/CEILING/FLOOR
14/05/2017 00:09,LS16 5,MUSIC
14/05/2017 00:05,LS4 2,MUSIC
13/05/2017 23:57,LS15 7,MUSIC
13/05/2017 23:32,LS12 3,MUSIC
13/05/2017 23:25,LS12 3,OTHER
13/05/2017 23:16,LS6 4,MUSIC
13/05/2017 23:06,LS12 5,MUSIC
13/05/2017 22:42,LS8 2,DOG BARKING
13/05/2017 22:28,L,MUSIC
13/05/2017 22:07,LS14 1,MUSIC
13/05/2017 22:03,LS9 9,BANGING ON WALLS/CEILING/FLOOR
13/05/2017 21:53,LS6 2,MUSIC
13/05/2017 21:42,LS14 6,MUSIC
13/05/2017 21:13,LS14 1,MUSIC
13/05/2017 21:06,LS16 6,PARTY
13/05/2017 20:55,LS9 6,PARTY
13/05/2017 19:50,LS13 1,MUSIC
13/05/2017 19:13,LS6 1,MUSIC
13/05/2017 19:03,LS7 4,MUSIC
13/05/2017 18:41,LS16 5,MUSIC
13/05/2017 18:34,LS11 9,MUSIC
13/05/2017 18:05,LS16 6,MUSIC
13/05/2017 16:10,LS11 0,MUSIC
13/05/2017 14:01,LS15 4,ALARM
13/05/2017 12:47,LS27 9,DOG BARKING
13/05/2017 10:48,LS9 6,BANGING ON WALLS/CEILING/FLOOR
13/05/2017 10:34,LS8 3,BANGING ON WALLS/CEILING/FLOOR
13/05/2017 08:02,LS9 6 ,BUILDING SITE
13/05/2017 07:23,LS6 1 ,BANGING ON WALLS/CEILING/FLOOR
13/05/2017 02:10,LS6 4,MUSIC
13/05/2017 01:48,LS9 6,MUSIC
13/05/2017 01:27,LS7 2,BANGING ON WALLS/CEILING/FLOOR
13/05/2017 00:42,LS14 1,MUSIC
13/05/2017 00:36,LS16 5,MUSIC
13/05/2017 00:34,LS9 8,MUSIC
13/05/2017 00:24,LS16 6,SHOUTING
13/05/2017 00:14,LS13 2,PARTY
13/05/2017 00:09,LS7 3,MUSIC
12/05/2017 23:54,LS6 2,PARTY
12/05/2017 23:46,LS19 7,MUSIC
12/05/2017 23:22,LS17 7,MUSIC
12/05/2017 23:19,LS18 4,MUSIC
12/05/2017 23:14,LS18 5,DOG BARKING
12/05/2017 23:01,LS15 0,MUSIC
12/05/2017 22:55,LS12 2,PARTY
12/05/2017 22:39,LS14 5,MUSIC
12/05/2017 22:19,LS10 4,MUSIC
12/05/2017 21:16,LS8 2,SHOUTING
12/05/2017 20:48,LS7 4,TV
12/05/2017 20:36,LS9 6,OTHER
12/05/2017 20:33,LS9 7,BANGING ON WALLS/CEILING/FLOOR
12/05/2017 19:59,LS5 3,SHOUTING
12/05/2017 19:02,LS14 1,MUSIC
12/05/2017 18:33,LS11 8,MUSIC
12/05/2017 18:08,LS14 6,MUSIC
12/05/2017 06:55,LS16 5,MUSIC
12/05/2017 06:52,LS15 7,DOG BARKING
12/05/2017 06:08,ls19 7,OTHER
12/05/2017 05:05,LS6 1,PARTY
12/05/2017 04:30,LS14 1,SHOUTING
12/05/2017 01:48,LS7 3,MUSIC
12/05/2017 00:28,LS6 1,MUSIC
12/05/2017 00:16,LS1 4,SHOUTING
11/05/2017 23:45,LS6 1,MUSIC
11/05/2017 23:17,LS12 3,MUSIC
11/05/2017 22:40,LS14 6,MUSIC
11/05/2017 22:15,LS12 3,MUSIC
11/05/2017 21:18,WF3 3,MUSIC
11/05/2017 20:56,LS26 0,OTHER
11/05/2017 20:48,LS7 3,MUSIC
11/05/2017 19:52,LS6 1,MUSIC
11/05/2017 19:46,LS16 5,MUSIC
11/05/2017 19:36,LS26 9,DIY
11/05/2017 19:27,LS12 1D,MUSIC
11/05/2017 19:23,LS9 6,DIY
11/05/2017 19:20,LS6 4,MUSIC
11/05/2017 19:11,LS9 6,MUSIC
11/05/2017 18:31,LS14 1,MUSIC
11/05/2017 02:13,LS14 5,ALARM
11/05/2017 01:31,LS7 2,MUSIC
10/05/2017 23:12,LS14 6,MUSIC
10/05/2017 22:58,LS17 5,OTHER
10/05/2017 22:32,LS11 5,DOG BARKING
10/05/2017 22:00,LS12 1,DOG BARKING
10/05/2017 21:54,LS13 4,SHOUTING
10/05/2017 21:49,LS6 1,MUSIC
10/05/2017 21:44,LS14 6,MUSIC
10/05/2017 21:20,LS7 3,MUSIC
10/05/2017 21:05,LS6 1,PARTY
10/05/2017 20:56,LS25 2,OTHER
10/05/2017 20:11,LS9 6,MUSIC
10/05/2017 19:46,WF3 1,PARTY
10/05/2017 19:27,LS14 6,MUSIC
10/05/2017 18:33,LS15 4,MUSIC
10/05/2017 18:32,LS12 1,DOG BARKING
10/05/2017 18:22,LS15 4,MUSIC
10/05/2017 18:09,LS6 3,MUSIC
10/05/2017 03:48,ls7 2,
10/05/2017 01:27,LS16 5,BANGING ON WALLS/CEILING/FLOOR
10/05/2017 00:26,LS14 2,MUSIC
10/05/2017 00:21,LS11 5,DOG BARKING
10/05/2017 00:18,LS11 8,DOG BARKING
10/05/2017 00:12,LS14 6,MUSIC
09/05/2017 23:47,LS1 4,SHOUTING
09/05/2017 23:32,LS6 1,MUSIC
09/05/2017 23:23,LS9 6,MUSIC
09/05/2017 23:04,LS6 3,MUSIC
09/05/2017 22:31,LS9 0,MUSIC
09/05/2017 22:23,LS9 7,MUSIC
09/05/2017 21:33,LS9 0,MUSIC
09/05/2017 20:51,LS12 1,DOG BARKING
09/05/2017 19:57,LS16 5,MUSIC
09/05/2017 19:37,LS13 2,MUSIC
09/05/2017 19:33,LS11 9,MUSIC
09/05/2017 18:35,LS11 9,MUSIC
09/05/2017 07:09,LS8 2,OTHER
09/05/2017 03:05,LS18 5,DIY
09/05/2017 01:38,LS18 5,DIY
09/05/2017 01:08,LS12 3,SHOUTING
08/05/2017 23:34,LS2 9,ALARM
08/05/2017 23:27,LS6 1,MUSIC
08/05/2017 22:50,LS8 3,TV
08/05/2017 22:23,LS11 0,MUSIC
08/05/2017 22:19,LS2 9,ALARM
08/05/2017 20:57,LS14 5,MUSIC
08/05/2017 20:52,LS12 1,DOG BARKING
08/05/2017 20:46,LS9 8,MUSIC
08/05/2017 20:17,LS2 9,ALARM
08/05/2017 20:11,LS13 3,MUSIC
08/05/2017 19:24,LS8 3,MUSIC
08/05/2017 19:20,LS11 8,MUSIC
08/05/2017 19:14,LS12 1,DOG BARKING
08/05/2017 19:11,LS2 9,ALARM
08/05/2017 05:32,LS11 7,MUSIC
08/05/2017 03:16,LS16 5,SHOUTING
08/05/2017 02:14,LS27 9,MUSIC
08/05/2017 01:20,LS6 1,SHOUTING
08/05/2017 01:15,LS13 2,MUSIC
08/05/2017 01:01,LS8 2,MUSIC
07/05/2017 23:20,LS13 4,MUSIC
07/05/2017 23:12,LS9 9,SHOUTING
07/05/2017 22:39,LS10 1,MUSIC
07/05/2017 22:08,LS12 5,BANGING ON WALLS/CEILING/FLOOR
07/05/2017 22:04,LS7 3,SHOUTING
07/05/2017 21:40,LS27 7,DOG BARKING
07/05/2017 21:32,LS14 1,MUSIC
07/05/2017 20:47,LS16 5,SHOUTING
07/05/2017 20:31,LS8 2,MUSIC
07/05/2017 19:36,LS16 5,SHOUTING
07/05/2017 19:32,LS6 1D,MUSIC
07/05/2017 18:30,LS7 4N,TV
07/05/2017 17:22,LS8 1,BANGING ON WALLS/CEILING/FLOOR
07/05/2017 17:00,LS14 5,MUSIC
07/05/2017 11:40,LS28 7,BUILDING SITE
07/05/2017 09:28,LS17 5,BANGING ON WALLS/CEILING/FLOOR
07/05/2017 08:45,LS14 6,MUSIC
07/05/2017 07:29,LS6 1,MUSIC
07/05/2017 05:42,LS7 3,BANGING ON WALLS/CEILING/FLOOR
07/05/2017 05:19,LS8 5,MUSIC
07/05/2017 03:16,LS6 4,MUSIC
07/05/2017 02:48,LS11 7,MUSIC
07/05/2017 02:36,LS6 1,MUSIC
07/05/2017 02:35,LS6 1,PARTY
07/05/2017 01:49,LS8 2,SHOUTING
07/05/2017 01:27,LS21 3,MUSIC
07/05/2017 00:42,LS6 1,PARTY
07/05/2017 00:39,LS6 1,PARTY
07/05/2017 00:35,LS1 6,OTHER
07/05/2017 00:34,LS6 2,MUSIC
07/05/2017 00:30,LS1 7,MUSIC
07/05/2017 00:29,LS13 2,MUSIC
07/05/2017 00:18,LS10 4,MUSIC
07/05/2017 00:06,LS1 6,MUSIC
06/05/2017 23:17,LS11 6,MUSIC
06/05/2017 22:52,LS16 7,MUSIC
06/05/2017 22:45,LS27 P,SHOUTING
06/05/2017 22:25,LS15 0,TV
06/05/2017 21:59,LS27 9,PARTY
06/05/2017 21:54,LS27 9,MUSIC
06/05/2017 21:27,LS10 4,DOG BARKING
06/05/2017 21:02,LS9 8,MUSIC
06/05/2017 20:37,LS6 2,PARTY
06/05/2017 20:19,LS9 6,MUSIC
06/05/2017 19:48,LS7 3,MUSIC
06/05/2017 19:33,LS12 5,BANGING ON WALLS/CEILING/FLOOR
06/05/2017 19:03,LS27 0,MUSIC
06/05/2017 18:43,LS12 2,MUSIC
06/05/2017 18:32,LS12 5,MUSIC
06/05/2017 16:59,LS10 4,BANGING ON WALLS/CEILING/FLOOR
06/05/2017 15:43,LS28 6,MUSIC
06/05/2017 15:23,LS12 5,MUSIC
06/05/2017 14:05,ls8 5,BANGING ON WALLS/CEILING/FLOOR
06/05/2017 12:35,LS17 5,BANGING ON WALLS/CEILING/FLOOR
06/05/2017 12:16,LS11 9,MUSIC
06/05/2017 06:15,LS8 2,OTHER
06/05/2017 03:59,LS7 2,BANGING ON WALLS/CEILING/FLOOR
06/05/2017 02:59,LS12 1,MUSIC
06/05/2017 02:35,LS26 9,SHOUTING
06/05/2017 02:17,LS8 5,MUSIC
06/05/2017 01:34,LS8 3,MUSIC
06/05/2017 01:27,LS18 4,MUSIC
06/05/2017 01:21,LS12 1,MUSIC
06/05/2017 00:55,LS8 3,MUSIC
06/05/2017 00:45,LS11 6,BANGING ON WALLS/CEILING/FLOOR
06/05/2017 00:28,LS6 1,SHOUTING
06/05/2017 00:26,LS13 4,MUSIC
06/05/2017 00:21,LS13 4,MUSIC
06/05/2017 00:17,LS26 9,SHOUTING
05/05/2017 23:50,LS6 1,MUSIC
05/05/2017 23:49,WF3 1,OTHER
05/05/2017 23:47,LS4 2,MUSIC
05/05/2017 23:45,LS6 3,MUSIC
05/05/2017 23:31,LS6 1,MUSIC
05/05/2017 23:06,LS12 5,PARTY
05/05/2017 22:03,LS6 3,MUSIC
05/05/2017 21:37,LS12 1,MUSIC
05/05/2017 21:20,LS28 5,MUSIC
05/05/2017 20:55,LS7 4,MUSIC
05/05/2017 20:41,LS8 2,NOISE ASSOCIATED WITH LICENSED PREMISES
05/05/2017 19:00,LS11 9,MUSIC
05/05/2017 18:40,LS27 8,MUSIC
05/05/2017 06:12,LS8 2,NOISE ASSOCIATED WITH LICENSED PREMISES
05/05/2017 01:52,LS6 3,MUSIC
05/05/2017 01:03,LS7 1,SHOUTING
04/05/2017 23:52,WF3 1,OTHER
04/05/2017 23:48,LS19 7,DOG BARKING
04/05/2017 23:42,LS8 3,MUSIC
04/05/2017 23:32,LS26 O,MUSIC
04/05/2017 23:24,LS6 1,MUSIC
04/05/2017 23:07,LS19 7,DOG BARKING
04/05/2017 23:02,LS15 8,BANGING ON WALLS/CEILING/FLOOR
04/05/2017 21:41,LS6 1,PARTY
04/05/2017 21:37,LS7 4,MUSIC
04/05/2017 21:20,LS17 5,BANGING ON WALLS/CEILING/FLOOR
04/05/2017 20:47,LS26 0,MUSIC
04/05/2017 20:31,LS14 5,MUSIC
04/05/2017 20:15,LS14 1,MUSIC
04/05/2017 19:57,LS8 2H,MUSIC
04/05/2017 07:11,LS8 2,OTHER
04/05/2017 06:50,LS16 5,MUSIC
04/05/2017 05:34,LS14 6,MUSIC
04/05/2017 02:53,WF10 2,DOG BARKING
03/05/2017 23:46,WF3 1,OTHER
03/05/2017 22:14,LS16 7,MUSIC
03/05/2017 22:08,LS6 1,MUSIC
03/05/2017 22:00,LS11 6,SHOUTING
03/05/2017 21:42,LS6 2,MUSIC
03/05/2017 21:32,LS6 2,PARTY
03/05/2017 20:58,LS26 0,MUSIC
03/05/2017 19:56,LS11 9,MUSIC
03/05/2017 19:48,LS16 5,MUSIC
03/05/2017 19:33,LS16 5,ALARM
03/05/2017 19:12,LS12 1,DOG BARKING
03/05/2017 18:11,LS14 5,MUSIC
03/05/2017 06:21,LS5 3 ,MUSIC
03/05/2017 02:00,LS9 7,TV
03/05/2017 01:29,LS12 1,PARTY
03/05/2017 00:29,LS6 3,PARTY
03/05/2017 00:15,LS13 2,DOG BARKING
03/05/2017 00:05,LS6 3,PARTY
02/05/2017 23:45,LS2 9,PARTY
02/05/2017 23:42,WF3 1,OTHER
02/05/2017 23:37,LS13 2,DOG BARKING
02/05/2017 23:31,LS13 2,DOG BARKING
02/05/2017 23:03,LS6 3,MUSIC
02/05/2017 22:20,LS27 9,MUSIC
02/05/2017 20:49,LS5 3,MUSIC
02/05/2017 19:26,LS11 0,DOG BARKING
02/05/2017 19:20,LS27 8,MUSIC
02/05/2017 19:17,LS14 6,PARTY
02/05/2017 19:03,LS14 1,MUSIC
02/05/2017 18:54,LS6 4,MUSIC
02/05/2017 05:39,LS2 9,MUSIC
02/05/2017 01:23,LS12 2,SHOUTING
02/05/2017 00:56,LS11 7,MUSIC
02/05/2017 00:33,LS6 1,MUSIC
02/05/2017 00:10,WF3 1,OTHER
01/05/2017 22:13,LS6 1,MUSIC
01/05/2017 22:02,LS6 4,MUSIC
01/05/2017 20:16,LS8 3,TV
01/05/2017 18:40,LS11 9,MUSIC
01/05/2017 18:28,LS14 1,MUSIC
01/05/2017 16:39,LS27 9,
01/05/2017 16:01,LS4 2,
01/05/2017 10:05,LS14 5,MUSIC
01/05/2017 05:53,LS2 7,PARTY
01/05/2017 03:12,LS12 6,MUSIC
01/05/2017 02:18,LS12 2,PARTY
01/05/2017 01:26,LS13 2,MUSIC
01/05/2017 01:25,LS6 2,PARTY
01/05/2017 01:12,LS8 3,MUSIC
01/05/2017 00:52,WF3 1,OTHER
01/05/2017 00:50,LS7 4,MUSIC
01/05/2017 00:35,LS9 6,DIY
01/05/2017 00:08,LS9 9,MUSIC
30/04/2017 23:44,LS10 4,PARTY
30/04/2017 23:31,LS2 7,PARTY
30/04/2017 23:18,LS11 7,MUSIC
30/04/2017 22:35,LS6 1,PARTY
30/04/2017 22:23,LS27 9,DOG BARKING
30/04/2017 22:21,LS17 7,PARTY
30/04/2017 22:09,LS18 4,MUSIC
30/04/2017 22:01,LS12 5,MUSIC
30/04/2017 21:59,LS12 2,MUSIC
30/04/2017 21:53,WF3 2,PARTY
30/04/2017 21:34,LS9 7,MUSIC
30/04/2017 21:32,LS2 9,MUSIC
30/04/2017 21:22,LS6 1,PARTY
30/04/2017 21:01,LS7 4,MUSIC
30/04/2017 20:57,LS14 1,TV
30/04/2017 20:57,LS8 3,TV
30/04/2017 20:48,LS10 4,PARTY
30/04/2017 20:40,LS16 7,DIY
30/04/2017 20:26,LS11 7,MUSIC
30/04/2017 20:18,LS2 9,MUSIC
30/04/2017 20:13,LS26 8,PARTY
30/04/2017 18:57,LS11 9,MUSIC
30/04/2017 18:45,LS14 5,MUSIC
30/04/2017 18:17,LS27 9,DOG BARKING
30/04/2017 15:23,LS6 4,MUSIC
30/04/2017 12:44,LS6 4,MUSIC
30/04/2017 09:28,LS11 7,MUSIC
30/04/2017 05:11,LS6 1,
30/04/2017 04:34,LS14 1,MUSIC
30/04/2017 04:25,LS6 1,MUSIC
30/04/2017 03:50,LS6 1,MUSIC
30/04/2017 03:18,LS6 3,MUSIC
30/04/2017 03:15,LS6 3,MUSIC
30/04/2017 03:10,LS9 7,BANGING ON WALLS/CEILING/FLOOR
30/04/2017 02:54,LS4 2,PARTY
30/04/2017 02:45,LS6 2,MUSIC
30/04/2017 02:22,LS6 1,MUSIC
30/04/2017 02:18,LS6 1,MUSIC
30/04/2017 01:50,LS6 2,MUSIC
30/04/2017 01:45,LS6 4,MUSIC
30/04/2017 01:35,LS6 1,MUSIC
30/04/2017 01:27,LS6 3,MUSIC
30/04/2017 01:15,LS8 3,MUSIC
30/04/2017 01:15,WF3 1,OTHER
30/04/2017 00:38,LS9 7,MUSIC
30/04/2017 00:34,LS6 2,MUSIC
30/04/2017 00:09,LS8 3,MUSIC
29/04/2017 23:56,LS6 1,MUSIC
29/04/2017 23:40,LS10 3,SHOUTING
29/04/2017 23:36,LS14 6,SHOUTING
29/04/2017 23:28,LS11 7,MUSIC
29/04/2017 23:27,LS17 7,MUSIC
29/04/2017 23:15,LS6 1,MUSIC
29/04/2017 23:12,LS12 5,MUSIC
29/04/2017 23:06,LS13 4,MUSIC
29/04/2017 23:05,LS8 3,MUSIC
29/04/2017 23:02,LS27 8,MUSIC
29/04/2017 23:02,LS1 4,MUSIC
29/04/2017 22:38,LS18 5,DOG BARKING
29/04/2017 22:38,LS13 1,MUSIC
29/04/2017 22:20,LS6 3,MUSIC
29/04/2017 22:17,LS6 1,MUSIC
29/04/2017 22:14,LS10 3,MUSIC
29/04/2017 22:13,LS1 4,MUSIC
29/04/2017 22:08,LS17 7,MUSIC
29/04/2017 21:11,LS12 5,MUSIC
29/04/2017 21:08,LS6 4,MUSIC
29/04/2017 20:57,LS11 7,MUSIC
29/04/2017 20:54,WF3 1,MUSIC
29/04/2017 20:48,LS17 7,MUSIC
29/04/2017 19:56,LS10 3,MUSIC
29/04/2017 19:54,LS6 4,MUSIC
29/04/2017 19:05,LS11 6,BANGING ON WALLS/CEILING/FLOOR
29/04/2017 18:51,LS17 5,DOG BARKING
29/04/2017 18:48,LS17 5,TV
29/04/2017 18:41,LS6 3,MUSIC
29/04/2017 17:59,LS2 9,MUSIC
29/04/2017 17:33,#VALUE!,MUSIC
29/04/2017 17:13,LS63,MUSIC
29/04/2017 17:02,LS15,MUSIC
29/04/2017 16:37,LS27 9,DOG BARKING
29/04/2017 15:05,LS13 1,MUSIC
29/04/2017 10:54,LS26 0,MUSIC
29/04/2017 06:22,LS16 5,MUSIC
29/04/2017 04:44,LS26 8,
29/04/2017 04:36,LS6 1,MUSIC
29/04/2017 03:15,LS9 9,PARTY
29/04/2017 03:02,LS12 5,MUSIC
29/04/2017 02:51,LS6 1,MUSIC
29/04/2017 02:05,LS7 4,MUSIC
29/04/2017 02:01,LS13 2,PARTY
29/04/2017 01:24,LS7 2,MUSIC
29/04/2017 01:16,LS14 6,MUSIC
29/04/2017 01:07,LS14 6,MUSIC
29/04/2017 00:34,LS9 9,MUSIC
29/04/2017 00:28,LS6 1,MUSIC
29/04/2017 00:09,LS14 6,MUSIC
28/04/2017 23:47,LS18 4,MUSIC
28/04/2017 23:37,LS12 2,MUSIC
28/04/2017 23:30,LS12 2,MUSIC
28/04/2017 23:28,LS8 5,MUSIC
28/04/2017 23:01,LS12 5,MUSIC
28/04/2017 22:53,LS27 7,TV
28/04/2017 21:42,LS12 5,SHOUTING
28/04/2017 20:54,LS13 4,MUSIC
28/04/2017 18:59,LS11 7E,MUSIC
28/04/2017 18:54,LS6 3N,MUSIC
28/04/2017 05:03,LS8 5,MUSIC
28/04/2017 02:14,LS14 6,DOG BARKING
28/04/2017 02:02,LS6 1,MUSIC
28/04/2017 01:42,LS4 2,MUSIC
28/04/2017 01:21,LS8 3,MUSIC
28/04/2017 00:59,LS6 1,MUSIC
28/04/2017 00:37,LS6 2,MUSIC
28/04/2017 00:13,LS13 4,BANGING ON WALLS/CEILING/FLOOR
27/04/2017 23:33,LS8 3,MUSIC
27/04/2017 23:06,LS6 4,MUSIC
27/04/2017 23:03,LS8 2,DOG BARKING
27/04/2017 22:57,LS16 5,BANGING ON WALLS/CEILING/FLOOR
27/04/2017 22:45,LS1 4,MUSIC
27/04/2017 22:38,LS8 1,BANGING ON WALLS/CEILING/FLOOR
27/04/2017 22:21,LS27 7,TV
27/04/2017 21:55,LS8 3,MUSIC
27/04/2017 21:30,LS12 1,DOG BARKING
27/04/2017 21:22,LS9 6,MUSIC
27/04/2017 20:22,LS6 2,MUSIC
27/04/2017 19:08,#VALUE!,MUSIC
27/04/2017 18:28,LS8 1Q,BANGING ON WALLS/CEILING/FLOOR
27/04/2017 08:19,LS8 1,BANGING ON WALLS/CEILING/FLOOR
27/04/2017 07:53,LS10 4,PARTY
27/04/2017 02:29,LS9 6,MUSIC
27/04/2017 02:19,LS13 4,OTHER
27/04/2017 01:37,LS13 4,SHOUTING
27/04/2017 00:59,LS8 5,BANGING ON WALLS/CEILING/FLOOR
27/04/2017 00:14,#VALUE!,
26/04/2017 23:57,LS8 1,SHOUTING
26/04/2017 23:25,LS6 3,SHOUTING
26/04/2017 23:01,#VALUE!,
26/04/2017 22:53,LS6 1,SHOUTING
26/04/2017 22:20,LS8 5,MUSIC
26/04/2017 21:47,LS8 5,MUSIC
26/04/2017 21:43,LS14 6,MUSIC
26/04/2017 21:34,LS11 6,BANGING ON WALLS/CEILING/FLOOR
26/04/2017 21:21,LS7 1,DOG BARKING
26/04/2017 21:05,LS8 5,BANGING ON WALLS/CEILING/FLOOR
26/04/2017 19:41,LS9 7,MUSIC
26/04/2017 19:03,LS10 3,BANGING ON WALLS/CEILING/FLOOR
26/04/2017 18:59,LS9 7R,DOG BARKING
26/04/2017 07:43,LS13 4,DOG BARKING
26/04/2017 04:35,LS6 1,MUSIC
26/04/2017 02:41,LS12 2,SHOUTING
26/04/2017 01:37,LS12 2,SHOUTING
25/04/2017 23:30,LS9 7,MUSIC
25/04/2017 23:30,LS8  5,MUSIC
25/04/2017 22:25,LS26 8,DIY
25/04/2017 21:32,LS6 1,MUSIC
25/04/2017 21:01,LS8 2,MUSIC
25/04/2017 20:49,LS26 0,MUSIC
25/04/2017 20:47,LS26 0,MUSIC
25/04/2017 20:34,LS26 0,MUSIC
25/04/2017 20:28,LS12 5,BANGING ON WALLS/CEILING/FLOOR
25/04/2017 19:58,LS7 3,OTHER
25/04/2017 19:21,LS14 6,DOG BARKING
25/04/2017 06:50,LS10 3,
25/04/2017 02:59,LS26 0,OTHER
25/04/2017 02:17,LS6 2,SHOUTING
25/04/2017 01:37,WF3 1,OTHER
25/04/2017 01:34,LS28 5,DIY
25/04/2017 00:39,LS8 3,BANGING ON WALLS/CEILING/FLOOR
25/04/2017 00:14,LS6 1,MUSIC
24/04/2017 23:50,LS11 6,BANGING ON WALLS/CEILING/FLOOR
24/04/2017 21:33,#VALUE!,
24/04/2017 21:14,LS14 1,OTHER
24/04/2017 20:40,LS11 6,BANGING ON WALLS/CEILING/FLOOR
24/04/2017 20:20,LS26 0,MUSIC
24/04/2017 20:07,LS26 0,MUSIC
24/04/2017 20:03,LS26 0,MUSIC
24/04/2017 19:58,LS26 0,MUSIC
24/04/2017 01:35,LS6 2,MUSIC
24/04/2017 00:43,LS8 1,MUSIC
24/04/2017 00:39,LS9 6,MUSIC
24/04/2017 00:28,LS7 1,SHOUTING
23/04/2017 23:50,LS6 3,MUSIC
23/04/2017 23:38,LS9 7,MUSIC
23/04/2017 20:54,LS13 2,MUSIC
23/04/2017 20:43,LS12 1,DOG BARKING
23/04/2017 20:12,LS9 7,MUSIC
23/04/2017 20:02,LS8 3,DIY
23/04/2017 19:56,LS10 3,MUSIC
23/04/2017 19:41,LS7 1,BANGING ON WALLS/CEILING/FLOOR
23/04/2017 19:36,LS11 6,SHOUTING
23/04/2017 18:44,LS8 3,MUSIC
23/04/2017 16:48,LS16 5,MUSIC
23/04/2017 15:29,#VALUE!,MUSIC
23/04/2017 14:13,LS11 6,MUSIC
23/04/2017 13:53,LS13 4,MUSIC
23/04/2017 13:28,LS9 6,OTHER
23/04/2017 11:28,LS13 1,BANGING ON WALLS/CEILING/FLOOR
23/04/2017 11:24,LS6 1,MUSIC
23/04/2017 10:13,LS9 7,OTHER
23/04/2017 10:12,LS7 2,MUSIC
23/04/2017 05:29,LS134,PARTY
23/04/2017 04:01,LS13 2,MUSIC
23/04/2017 03:21,LS9 9,MUSIC
23/04/2017 03:00,LS6 1,MUSIC
23/04/2017 02:45,LS10 4,MUSIC
23/04/2017 01:29,LS9 7,SHOUTING
23/04/2017 01:20,LS6 1,MUSIC
23/04/2017 01:07,LS13 2,PARTY
23/04/2017 00:59,LS4 2,MUSIC
23/04/2017 00:56,LS4 2,PARTY
23/04/2017 00:52,LS11 8,PARTY
23/04/2017 00:41,LS2 7,MUSIC
23/04/2017 00:36,LS9 6,MUSIC
23/04/2017 00:31,LS9 6,SHOUTING
23/04/2017 00:30,LS28 5,MUSIC
23/04/2017 00:24,LS6 1,PARTY
22/04/2017 23:29,LS6 1,MUSIC
22/04/2017 23:19,LS8 1,PARTY
22/04/2017 23:07,LS9 7,MUSIC
22/04/2017 22:59,LS11 8,PARTY
22/04/2017 22:48,LS11 8,MUSIC
22/04/2017 22:43,LS15 8,MUSIC
22/04/2017 22:35,LS8 2,SHOUTING
22/04/2017 22:06,LS8 2,DOG BARKING
22/04/2017 21:31,LS7 2,PARTY
22/04/2017 20:53,LS8 1,PARTY
22/04/2017 20:23,LS16 6,OTHER
22/04/2017 19:48,LS6 1,MUSIC
22/04/2017 19:29,LS28 9,TV
22/04/2017 18:27,LS13 2,MUSIC
22/04/2017 18:20,LS20 8,MUSIC
22/04/2017 18:15,LS14 6,MUSIC
22/04/2017 18:14,LS16 6,OTHER
22/04/2017 18:07,LS12 5,OTHER
22/04/2017 17:59,LS11 7,MUSIC
22/04/2017 17:20,LS26 9,BUILDING SITE
22/04/2017 15:45,LS16 6,OTHER
22/04/2017 15:34,LS26 9,BUILDING SITE
22/04/2017 14:53,LS14 6,OTHER
22/04/2017 14:10,LS28 5,MUSIC
22/04/2017 10:45,LS27 9,DOG BARKING
22/04/2017 09:25,LS16 5,MUSIC
22/04/2017 08:15,LS17 5,MUSIC
22/04/2017 02:20,LS4 2,MUSIC
22/04/2017 01:59,LS6 3,MUSIC
22/04/2017 00:57,#VALUE!,
22/04/2017 00:53,LS27 9,OTHER
22/04/2017 00:45,LS3 1,MUSIC
22/04/2017 00:03,LS9 6,MUSIC
21/04/2017 23:48,LS11 0,MUSIC
21/04/2017 23:38,LS13 3,MUSIC
21/04/2017 23:25,LS9 6,MUSIC
21/04/2017 22:50,LS9 6,MUSIC
21/04/2017 21:54,LS4 2,MUSIC
21/04/2017 21:14,L,MUSIC
21/04/2017 20:47,LS12 1,DOG BARKING
21/04/2017 20:08,LS9 6,TV
21/04/2017 19:30,LS13 4,MUSIC
21/04/2017 18:52,LS12 2,MUSIC
21/04/2017 18:10,LS14 6,MUSIC
21/04/2017 18:07,LS17 5,MUSIC
21/04/2017 02:06,LS9 8,MUSIC
21/04/2017 00:59,LS9 8,MUSIC
21/04/2017 00:27,LS1 3,DIY
21/04/2017 00:19,LS6 1,PARTY
20/04/2017 23:48,LS5 3,MUSIC
20/04/2017 23:41,LS13 4,MUSIC
20/04/2017 23:39,LS16 6,DOG BARKING
20/04/2017 23:05,LS5 3,MUSIC
20/04/2017 22:12,LS5 3,MUSIC
20/04/2017 21:18,LS,
20/04/2017 21:00,LS11 0,SHOUTING
20/04/2017 20:56,LS9 7,MUSIC
20/04/2017 20:37,LS11 0,MUSIC
20/04/2017 20:04,LS6 4,MUSIC
20/04/2017 18:57,LS16 6,DOG BARKING
20/04/2017 18:08,LS10 3,SHOUTING
20/04/2017 08:01,LS10 3,BANGING ON WALLS/CEILING/FLOOR
20/04/2017 01:06,LS10 3,MUSIC
20/04/2017 00:37,WF3 1,OTHER
19/04/2017 23:25,LS11 6,MUSIC
19/04/2017 22:48,LS6 1,SHOUTING
19/04/2017 22:32,LS12 1,DOG BARKING
19/04/2017 22:28,LS1 4,MUSIC
19/04/2017 22:19,LS25 7,TV
19/04/2017 21:42,LS6 1,SHOUTING
19/04/2017 20:32,LS12 4,OTHER
19/04/2017 20:10,LS14 6,DIY
19/04/2017 19:40,LS9 7,DOG BARKING
19/04/2017 18:18,LS13 1,MUSIC
19/04/2017 01:20,LS9 6,MUSIC
19/04/2017 01:13,WF3 1,OTHER
19/04/2017 00:46,LS16 5,MUSIC
18/04/2017 23:59,LS11 6,MUSIC
18/04/2017 23:54,LS14 1,PARTY
18/04/2017 22:58,LS12 4,OTHER
18/04/2017 22:58,LS1 4,BANGING ON WALLS/CEILING/FLOOR
18/04/2017 22:05,LS11 6,BANGING ON WALLS/CEILING/FLOOR
18/04/2017 22:05,LS10 3,DOG BARKING
18/04/2017 21:22,LS11 0,MUSIC
18/04/2017 21:11,LS11 6,BANGING ON WALLS/CEILING/FLOOR
18/04/2017 21:02,LS9 9,TV
18/04/2017 20:37,LS6 4,OTHER
18/04/2017 19:54,LS11 7,MUSIC
18/04/2017 19:16,LS12 2,MUSIC
18/04/2017 18:58,LS13 1,MUSIC
18/04/2017 18:57,LS13 4,MUSIC
18/04/2017 18:40,LS16 5,BANGING ON WALLS/CEILING/FLOOR
18/04/2017 08:23,#VALUE!,MUSIC
18/04/2017 08:11,LS17 5,MUSIC
18/04/2017 00:50,LS9 6,MUSIC
18/04/2017 00:45,LS23 6,PARTY
18/04/2017 00:22,LS17 5,MUSIC
18/04/2017 00:01,LS9 6,MUSIC
17/04/2017 23:56,LS6 1,MUSIC
17/04/2017 23:48,LS17 5,MUSIC
17/04/2017 23:06,LS12 3,BANGING ON WALLS/CEILING/FLOOR
17/04/2017 22:33,LS16 5,BANGING ON WALLS/CEILING/FLOOR
17/04/2017 22:29,LS10 3,DOG BARKING
17/04/2017 22:19,LS12 1,DOG BARKING
17/04/2017 22:06,LS10 4,DOG BARKING
17/04/2017 22:02,LS12 5,MUSIC
17/04/2017 21:58,LS10 3,OTHER
17/04/2017 21:58,LS10 4,DOG BARKING
17/04/2017 21:52,LS10 4,DOG BARKING
17/04/2017 21:46,LS16 5,MUSIC
17/04/2017 21:43,LS9 6,SHOUTING
17/04/2017 20:41,LS16 5,MUSIC
17/04/2017 20:07,LS6 4,MUSIC
17/04/2017 20:02,LS14 6,MUSIC
17/04/2017 19:54,LS10 3,BANGING ON WALLS/CEILING/FLOOR
17/04/2017 17:58,LS9 6,
17/04/2017 17:15,LS6 4,MUSIC
17/04/2017 16:19,LS6 3,MUSIC
17/04/2017 13:55,LS6 2,MUSIC
17/04/2017 12:32,LS7 3,MUSIC
17/04/2017 10:47,LS17 1,BUILDING SITE
17/04/2017 10:25,LS11 0,MUSIC
17/04/2017 10:07,LS17 5,MUSIC
17/04/2017 09:15,LS8 3,MUSIC
17/04/2017 07:17,LS7 3,MUSIC
17/04/2017 03:34,LS18 4,BANGING ON WALLS/CEILING/FLOOR
17/04/2017 03:25,LS6 4,OTHER
17/04/2017 01:45,LS9 0,SHOUTING
17/04/2017 01:08,LS9 9,MUSIC
17/04/2017 00:47,LS11 0,PARTY
17/04/2017 00:17,LS11 9,MUSIC
16/04/2017 23:52,LS5 3,OTHER
16/04/2017 23:38,LS9 6,SHOUTING
16/04/2017 23:32,LS10 3,MUSIC
16/04/2017 23:13,LS26 0,MUSIC
16/04/2017 23:08,LS12 2,MUSIC
16/04/2017 23:04,#VALUE!,
16/04/2017 22:54,LS8 5,MUSIC
16/04/2017 22:48,LS27 9,MUSIC
16/04/2017 22:29,#VALUE!,
16/04/2017 22:06,#VALUE!,
16/04/2017 20:18,LS9 7,MUSIC
16/04/2017 20:14,LS27 9,OTHER
16/04/2017 19:38,LS6 4,MUSIC
16/04/2017 19:11,LS13 4,MUSIC
16/04/2017 18:36,LS10 3,MUSIC
16/04/2017 18:21,LS14 1,MUSIC
16/04/2017 18:21,LS8 5,PARTY
16/04/2017 18:16,LS14 1,PARTY
16/04/2017 18:06,LS11 7,MUSIC
16/04/2017 17:42,LS12 N3,PARTY
16/04/2017 13:40,LS9 9,MUSIC
16/04/2017 13:31,LS9 6,MUSIC
16/04/2017 13:09,LS18 4,BANGING ON WALLS/CEILING/FLOOR
16/04/2017 13:02,LS13 4,MUSIC
16/04/2017 12:38,LS14 5,MUSIC
16/04/2017 12:33,Ls8 3,BANGING ON WALLS/CEILING/FLOOR
16/04/2017 11:53,LS6 4,OTHER
16/04/2017 11:53,LS6 1,MUSIC
16/04/2017 11:48,LS12 3,MUSIC
16/04/2017 10:47,LS26 9,BUILDING SITE
16/04/2017 07:25,LS27 9,OTHER
16/04/2017 07:18,LS17 6,BANGING ON WALLS/CEILING/FLOOR
16/04/2017 06:16,#VALUE!,MUSIC
16/04/2017 06:14,#VALUE!,MUSIC
16/04/2017 03:08,LS6 1,MUSIC
16/04/2017 02:49,LS29 6,MUSIC
16/04/2017 02:35,LS14 6,MUSIC
16/04/2017 02:22,#VALUE!,
16/04/2017 01:42,LS27 7,MUSIC
16/04/2017 01:28,LS6 1,MUSIC
16/04/2017 01:16,LS27 7,MUSIC
16/04/2017 00:46,LS6 1,MUSIC
16/04/2017 00:37,LS23 6,MUSIC
16/04/2017 00:27,LS8 3,MUSIC
16/04/2017 00:04,LS12 5,MUSIC
16/04/2017 00:00,LS12 2,MUSIC
15/04/2017 23:40,#VALUE!,
15/04/2017 23:05,LS11 0,MUSIC
15/04/2017 23:00,LS16 5,MUSIC
15/04/2017 22:48,LS7 1,MUSIC
15/04/2017 22:43,LS16 7,MUSIC
15/04/2017 21:59,LS13 3,DOG BARKING
15/04/2017 21:41,LS10 4,MUSIC
15/04/2017 21:34,LS12 5,MUSIC
15/04/2017 21:31,LS17 7,MUSIC
15/04/2017 21:25,LS27 8,SHOUTING
15/04/2017 21:18,LS11 6,MUSIC
15/04/2017 19:58,LS6 1,MUSIC
15/04/2017 19:30,LS12 2,MUSIC
15/04/2017 18:50,LS16 6,BANGING ON WALLS/CEILING/FLOOR
15/04/2017 17:08,LS8 3,MUSIC
15/04/2017 16:56,LS12 1,OTHER
15/04/2017 16:46,LS14 6,MUSIC
15/04/2017 14:08,LS12 2,MUSIC
15/04/2017 13:55,LS13 3,MUSIC
15/04/2017 12:12,LS14 6,MUSIC
15/04/2017 11:57,LS27 9,OTHER
15/04/2017 09:50,LS11 8,MUSIC
15/04/2017 07:06,LS8 2,MUSIC
15/04/2017 02:57,LS14 5,MUSIC
15/04/2017 02:56,LS13 3,MUSIC
15/04/2017 02:52,LS8 5,MUSIC
15/04/2017 02:12,LS13 3,MUSIC
15/04/2017 00:47,LS12 3,MUSIC
15/04/2017 00:41,LS9 7,DOG BARKING
15/04/2017 00:07,LS9 8,PARTY
15/04/2017 00:03,LS6 1,MUSIC
14/04/2017 23:28,LS6 2,MUSIC
14/04/2017 23:25,LS26 O,PARTY
14/04/2017 22:59,LS10 3,MUSIC
14/04/2017 22:50,LS12 5,SHOUTING
14/04/2017 22:36,LS9 7,BANGING ON WALLS/CEILING/FLOOR
14/04/2017 22:17,LS14 6,MUSIC
14/04/2017 22:15,LS14 6,MUSIC
14/04/2017 21:49,LS8 2,MUSIC
14/04/2017 21:41,LS8 2,DOG BARKING
14/04/2017 21:06,LS6 3,PARTY
14/04/2017 20:30,LS12 2,MUSIC
14/04/2017 20:22,LS12 5,MUSIC
14/04/2017 18:08,LS13 4,MUSIC
14/04/2017 04:15,LS14 6,OTHER
14/04/2017 04:12,LS27 0,ALARM
14/04/2017 02:32,LS16 5,MUSIC
14/04/2017 02:09,LS16 7,SHOUTING
14/04/2017 00:47,LS13 1,TV
14/04/2017 00:13,LS10 4,PARTY
14/04/2017 00:09,LS10 4,PARTY
13/04/2017 23:42,LS5 3,SHOUTING
13/04/2017 23:32,LS11 0,MUSIC
13/04/2017 23:28,LS7 2,MUSIC
13/04/2017 23:19,LS6 1,PARTY
13/04/2017 23:11,LS16 5,BANGING ON WALLS/CEILING/FLOOR
13/04/2017 22:47,LS4 2,MUSIC
13/04/2017 22:43,LS17 6,OTHER
13/04/2017 22:42,LS27 9,OTHER
13/04/2017 22:33,LS16 5,BANGING ON WALLS/CEILING/FLOOR
13/04/2017 22:11,LS4 2,PARTY
13/04/2017 21:58,LS16 6,DOG BARKING
13/04/2017 21:33,LS16 6,SHOUTING
13/04/2017 20:59,LS16 6,MUSIC
13/04/2017 20:17,LS14 2,MUSIC
13/04/2017 20:02,LS16 6,MUSIC
13/04/2017 18:55,Ls27 9,MUSIC
13/04/2017 18:16,Ls8 5,ALARM
13/04/2017 18:11,LS9 6,MUSIC
13/04/2017 02:42,LS9 6,DOG BARKING
13/04/2017 02:31,LS13 2,MUSIC
13/04/2017 00:49,LS8 3,MUSIC
12/04/2017 23:30,LS9 6,MUSIC
12/04/2017 23:11,LS14 1,MUSIC
12/04/2017 22:58,LS13 2,MUSIC
12/04/2017 22:47,LS9 6,SHOUTING
12/04/2017 22:35,LS16 5,MUSIC
12/04/2017 22:28,LS9 7,MUSIC
12/04/2017 22:02,LS8 2,DOG BARKING
12/04/2017 21:48,LS12 5,MUSIC
12/04/2017 21:45,LS13 4,MUSIC
12/04/2017 21:32,LS14 6,DOG BARKING
12/04/2017 21:24,LS27 7,TV
12/04/2017 21:15,LS13 4,MUSIC
12/04/2017 21:04,LS12 5,MUSIC
12/04/2017 20:42,LS12 3,DOG BARKING
12/04/2017 20:26,LS11 7,MUSIC
12/04/2017 19:22,LS9 8P,PARTY
12/04/2017 19:16,LS16 5E,BANGING ON WALLS/CEILING/FLOOR
12/04/2017 18:09,LS9 8,MUSIC
12/04/2017 08:09,LS16 5,MUSIC
12/04/2017 03:45,LS5 3,MUSIC
12/04/2017 02:38,LS5 3,MUSIC
12/04/2017 02:18,LS2 7,MUSIC
12/04/2017 01:54,LS7 4,MUSIC
12/04/2017 01:43,LS11 0,SHOUTING
12/04/2017 00:47,LS28 5,ALARM
12/04/2017 00:36,LS7 2,MUSIC
12/04/2017 00:25,LS11 0,MUSIC
12/04/2017 00:18,LS9 7,MUSIC
12/04/2017 00:03,LS14 1,MUSIC
11/04/2017 22:52,LS27 8,SHOUTING
11/04/2017 22:46,LS5 3,MUSIC
11/04/2017 22:10,LS5 3,MUSIC
11/04/2017 22:02,LS12 3,MUSIC
11/04/2017 21:39,LS5 3,MUSIC
11/04/2017 20:57,LS9 0,MUSIC
11/04/2017 20:35,LS14 6,MUSIC
11/04/2017 20:28,LS5 3,MUSIC
11/04/2017 20:27,LS14 6,MUSIC
11/04/2017 19:45,LS9 0,MUSIC
11/04/2017 19:42,LS8 2,SHOUTING
11/04/2017 19:08,LS16 5,BANGING ON WALLS/CEILING/FLOOR
11/04/2017 18:34,LS26 0,MUSIC
11/04/2017 06:21,LS8 2,
11/04/2017 04:32,LS10 3,
11/04/2017 04:29,LS10 3,
11/04/2017 04:09,LS8 3,MUSIC
11/04/2017 02:07,LS8 1,MUSIC
11/04/2017 00:11,LS12 1,DOG BARKING
10/04/2017 23:09,LS6 3,MUSIC
10/04/2017 22:52,LS8 1,PARTY
10/04/2017 22:21,LS8 4,MUSIC
10/04/2017 21:34,LS16 5,MUSIC
10/04/2017 21:20,LS13 4,MUSIC
10/04/2017 21:17,LS4 2,OTHER
10/04/2017 20:31,LS13 2,MUSIC
10/04/2017 20:15,LS11 9,BANGING ON WALLS/CEILING/FLOOR
10/04/2017 19:32,LS16 5,MUSIC
10/04/2017 18:36,LS12 1,MUSIC
10/04/2017 18:16,LS13 2,MUSIC
10/04/2017 18:13,Ls14 6,MUSIC
10/04/2017 05:04,LS6 3,MUSIC
10/04/2017 03:28,LS8 5,SHOUTING
10/04/2017 03:24,LS13 2,TV
10/04/2017 03:07,LS17 6,SHOUTING
10/04/2017 01:08,LS8 2,MUSIC
10/04/2017 00:55,LS8 3,BANGING ON WALLS/CEILING/FLOOR
10/04/2017 00:34,LS12 3,MUSIC
10/04/2017 00:23,LS8 5,SHOUTING
10/04/2017 00:19,LS14 5,MUSIC
09/04/2017 22:42,LS11 6,BANGING ON WALLS/CEILING/FLOOR
09/04/2017 22:26,LS4 2,BANGING ON WALLS/CEILING/FLOOR
09/04/2017 22:19,LS16 5,BANGING ON WALLS/CEILING/FLOOR
09/04/2017 22:07,LS27 7,TV
09/04/2017 22:01,LS9 7,MUSIC
09/04/2017 21:27,LS10 1,MUSIC
09/04/2017 20:49,LS13 4,DOG BARKING
09/04/2017 20:32,LS9 7,DOG BARKING
09/04/2017 20:28,LS16 5,MUSIC
09/04/2017 19:48,LS20 8,BUILDING SITE
09/04/2017 19:15,LS13 4,MUSIC
09/04/2017 17:10,ls18 5,
09/04/2017 17:09,LS13 4,MUSIC
09/04/2017 17:02,ls16 5,MUSIC
09/04/2017 16:58,LS6 2,MUSIC
09/04/2017 11:12,LS6 1,ALARM
09/04/2017 05:53,LS12 2,MUSIC
09/04/2017 02:30,LS5 3,PARTY
09/04/2017 01:57,LS15 7,MUSIC
09/04/2017 01:51,LS28 5,PARTY
09/04/2017 00:45,LS6 1,MUSIC
09/04/2017 00:44,LS14 6,PARTY
09/04/2017 00:39,LS12 5,PARTY
09/04/2017 00:39,LS11 7,SHOUTING
09/04/2017 00:30,LS27 9,MUSIC
08/04/2017 23:54,LS18 5,SHOUTING
08/04/2017 23:41,LS8 4,MUSIC
08/04/2017 23:37,LS17 5,MUSIC
08/04/2017 23:37,LS12 5,SHOUTING
08/04/2017 23:29,LS11 0,PARTY
08/04/2017 23:17,LS2 7,MUSIC
08/04/2017 23:07,LS6 3,PARTY
08/04/2017 23:02,LS9 8,DOG BARKING
08/04/2017 22:58,LS10 1,NOISE ASSOCIATED WITH LICENSED PREMISES
08/04/2017 22:38,LS9 6,MUSIC
08/04/2017 22:37,LS26 0,NOISE ASSOCIATED WITH LICENSED PREMISES
08/04/2017 22:32,LS12 5,MUSIC
08/04/2017 22:15,LS9 6,MUSIC
08/04/2017 21:18,LS9 8,MUSIC
08/04/2017 21:10,LS7 2,MUSIC
08/04/2017 21:09,LS8 2,BANGING ON WALLS/CEILING/FLOOR
08/04/2017 21:03,WF3 1,PARTY
08/04/2017 20:57,LS13 2,MUSIC
08/04/2017 20:54,LS12 1,DOG BARKING
08/04/2017 20:39,LS4 2,MUSIC
08/04/2017 20:17,LS17 7,MUSIC
08/04/2017 20:10,LS10 4,ALARM
08/04/2017 19:37,LS14 5,MUSIC
08/04/2017 19:12,LS6 1,MUSIC
08/04/2017 19:04,LS14 5,MUSIC
08/04/2017 18:51,LS28 7,DOG BARKING
08/04/2017 18:43,LS14 2,MUSIC
08/04/2017 18:23,LS7 3,SHOUTING
08/04/2017 18:17,LS6 3,PARTY
08/04/2017 16:39,LS9 6,MUSIC
08/04/2017 16:29,LS6 3,MUSIC
08/04/2017 16:20,LS6 3,PARTY
08/04/2017 14:18,LS6 3,MUSIC
08/04/2017 13:50,LS175,MUSIC
08/04/2017 13:43,LS9 6,MUSIC
08/04/2017 13:37,LS10 3,MUSIC
08/04/2017 13:07,LS14 5 ,PARTY
08/04/2017 11:35,LS11 6,OTHER
08/04/2017 10:25,LS14 5,DOG BARKING
08/04/2017 08:11,LS16 5,MUSIC
08/04/2017 07:26,LS14 6,MUSIC
08/04/2017 04:27,LS8 3,MUSIC
08/04/2017 04:13,LS13 3,BANGING ON WALLS/CEILING/FLOOR
08/04/2017 03:50,LS14 6,MUSIC
08/04/2017 03:16,LS14 6,MUSIC
08/04/2017 02:21,LS8 3,MUSIC
08/04/2017 02:04,LS14 6,MUSIC
08/04/2017 01:52,LS17 5,MUSIC
08/04/2017 01:27,LS14 6,MUSIC
08/04/2017 01:25,LS16 7,MUSIC
08/04/2017 01:10,LS9 8,MUSIC
08/04/2017 00:57,LS11 O,MUSIC
08/04/2017 00:45,LS5 3,MUSIC
08/04/2017 00:35,LS4 2,PARTY
08/04/2017 00:17,LS9 6,PARTY
08/04/2017 00:14,LS6 2,PARTY
08/04/2017 00:13,LS9 6,MUSIC
07/04/2017 23:49,LS9 7,MUSIC
07/04/2017 23:44,LS9 8,MUSIC
07/04/2017 23:33,LS12 4,PARTY
07/04/2017 23:08,LS4 2,PARTY
07/04/2017 23:06,LS11 6,BANGING ON WALLS/CEILING/FLOOR
07/04/2017 22:44,LS16 6,DOG BARKING
07/04/2017 22:19,LS5 3,MUSIC
07/04/2017 22:18,LS14 6,PARTY
07/04/2017 22:13,LS6 2,PARTY
07/04/2017 22:08,LS26 8,MUSIC
07/04/2017 22:03,LS6 3,MUSIC
07/04/2017 21:58,LS9 6,MUSIC
07/04/2017 21:56,LS6 1,MUSIC
07/04/2017 21:44,LS14 6,MUSIC
07/04/2017 21:42,LS9 6,MUSIC
07/04/2017 21:09,LS11 0,MUSIC
07/04/2017 21:06,LS14 6,
07/04/2017 20:57,LS14 6,MUSIC
07/04/2017 20:49,LS11 0,MUSIC
07/04/2017 20:14,LS10 2,MUSIC
07/04/2017 19:36,LS21 3A,ALARM
07/04/2017 19:31,LS5 3,MUSIC
07/04/2017 19:24,LS21 3,ALARM
07/04/2017 18:51,LS6 1,MUSIC
07/04/2017 18:45,LS12 1,MUSIC
07/04/2017 18:37,LS6 1,ALARM
07/04/2017 18:32,LS11 6,BANGING ON WALLS/CEILING/FLOOR
07/04/2017 18:19,LS13 4,MUSIC
07/04/2017 01:45,LS10 4,
06/04/2017 23:54,LS12 3,MUSIC
06/04/2017 23:32,LS11 6,BANGING ON WALLS/CEILING/FLOOR
06/04/2017 23:05,LS9 6,MUSIC
06/04/2017 22:49,LS9 6,SHOUTING
06/04/2017 22:35,LS14 6,MUSIC
06/04/2017 22:32,LS13 4,MUSIC
06/04/2017 22:27,LS6 1,MUSIC
06/04/2017 22:26,LS14 6,MUSIC
06/04/2017 22:14,LS6 3,MUSIC
06/04/2017 22:09,LS4 2,MUSIC
06/04/2017 21:54,LS21 3,ALARM
06/04/2017 21:50,LS6 1,ALARM
06/04/2017 21:38,LS4 2,MUSIC
06/04/2017 21:07,LS21 3,ALARM
06/04/2017 20:34,LS11 6,BANGING ON WALLS/CEILING/FLOOR
06/04/2017 20:11,LS13 4,DOG BARKING
06/04/2017 20:02,LS19 7,OTHER
06/04/2017 19:39,LS6 1,ALARM
06/04/2017 19:30,LS11 6,BANGING ON WALLS/CEILING/FLOOR
06/04/2017 07:02,LS16 5,
06/04/2017 04:02,LS6 1,MUSIC
06/04/2017 03:30,LS9 9,MUSIC
06/04/2017 03:09,LS6 1,SHOUTING
06/04/2017 02:43,LS14 6,MUSIC
06/04/2017 02:31,LS12 5,OTHER
06/04/2017 02:13,LS6 1,MUSIC
06/04/2017 02:06,LS8 4,MUSIC
06/04/2017 01:45,LS6 1,SHOUTING
06/04/2017 01:27,LS6 3,SHOUTING
06/04/2017 01:04,LS14 6,MUSIC
06/04/2017 01:01,LS4 2,PARTY
06/04/2017 00:56,LS14 6,PARTY
06/04/2017 00:41,LS4 2,PARTY
06/04/2017 00:37,LS18 5,PARTY
06/04/2017 00:32,LS4 2,PARTY
06/04/2017 00:24,LS8 3,MUSIC
06/04/2017 00:20,WF3 1,OTHER
06/04/2017 00:12,LS8 4,MUSIC
05/04/2017 23:50,LS16 7,SHOUTING
05/04/2017 23:45,LS16 6,PARTY
05/04/2017 23:31,LS9 8,MUSIC
05/04/2017 23:01,LS27 8,BANGING ON WALLS/CEILING/FLOOR
05/04/2017 22:46,LS11 0,DOMESTIC ABUSE (CALL 999)
05/04/2017 22:37,LS27 8,MUSIC
05/04/2017 22:24,LS16 6,ALARM
05/04/2017 21:59,LS27 8,PARTY
05/04/2017 21:53,LS15 8,ALARM
05/04/2017 21:13,LS9 7,OTHER
05/04/2017 20:35,LS4 2,OTHER
05/04/2017 20:23,LS9 7,MUSIC
05/04/2017 18:53,LS13 3,MUSIC
05/04/2017 18:35,LS16 6,ALARM
05/04/2017 18:31,LS13 1,MUSIC
05/04/2017 18:17,LS26 8,BUILDING SITE
05/04/2017 08:54,LS6 1,BUILDING SITE
05/04/2017 08:17,LS11 7,
05/04/2017 03:55,LS8 3,MUSIC
05/04/2017 03:51,TOWN STREET WA,MUSIC
05/04/2017 02:41,LS11 8,DOG BARKING
05/04/2017 02:36,LS27 8,BANGING ON WALLS/CEILING/FLOOR
05/04/2017 01:22,LS17 5,MUSIC
05/04/2017 00:13,LS10 2,MUSIC
05/04/2017 00:06,#VALUE!,
04/04/2017 23:47,LS6 1,MUSIC
04/04/2017 23:00,LS11 8,BUILDING SITE
04/04/2017 22:58,LS10 3,MUSIC
04/04/2017 22:13,LS11 0,SHOUTING
04/04/2017 22:07,LS4 2,MUSIC
04/04/2017 21:52,LS12 1,DOG BARKING
04/04/2017 21:00,LS12 1,DOG BARKING
04/04/2017 14:31,LS9 7,MUSIC
04/04/2017 04:24,LS9 8,MUSIC
04/04/2017 02:49,LS14 6,MUSIC
04/04/2017 00:55,LS4 2,MUSIC
04/04/2017 00:32,LS6 1,MUSIC
04/04/2017 00:28,LS6 3,MUSIC
04/04/2017 00:20,LS6 2,MUSIC
04/04/2017 00:15,WF3 1,OTHER
03/04/2017 23:09,LS6 1,MUSIC
03/04/2017 22:26,LS12 3,MUSIC
03/04/2017 19:52,LS7 4,MUSIC
03/04/2017 19:44,LS27 8,BUILDING SITE
03/04/2017 19:36,LS3 1,ALARM
03/04/2017 18:18,LS28 7,DOG BARKING
03/04/2017 04:48,LS7 4,MUSIC
03/04/2017 02:08,LS8 3,BANGING ON WALLS/CEILING/FLOOR
03/04/2017 01:46,LS16 7,SHOUTING
03/04/2017 01:44,LS10 3,PARTY
03/04/2017 01:10,LS11 8,DOG BARKING
03/04/2017 01:01,LS17 5,MUSIC
03/04/2017 00:36,LS17 5,MUSIC
03/04/2017 00:04,LS9 6,MUSIC
02/04/2017 23:29,LS9 6,SHOUTING
02/04/2017 23:12,LS9 7,PARTY
02/04/2017 22:37,LS27 8,DIY
02/04/2017 21:59,LS13 4,DOG BARKING
02/04/2017 21:05,LS6 2,MUSIC
02/04/2017 20:53,LS13 4,MUSIC
02/04/2017 20:03,LS13 2,BANGING ON WALLS/CEILING/FLOOR
02/04/2017 19:56,LS11 7,MUSIC
02/04/2017 19:29,LS6 3,MUSIC
02/04/2017 17:25,LS9 7,MUSIC
02/04/2017 16:52,LS17 5,
02/04/2017 15:05,LS12 5,
02/04/2017 10:52,LS16 6,DOG BARKING
02/04/2017 10:12,LS8 4,ALARM
02/04/2017 10:00,LS28 1,
02/04/2017 09:44,LS9 7,MUSIC
02/04/2017 08:58,LS17 6,BANGING ON WALLS/CEILING/FLOOR
02/04/2017 08:03,LS16 5,MUSIC
02/04/2017 03:27,LS8 4,PARTY
02/04/2017 01:48,LS8 3,BANGING ON WALLS/CEILING/FLOOR
02/04/2017 01:36,LS17 7,MUSIC
02/04/2017 01:30,LS13 2,SHOUTING
02/04/2017 01:12,WF3 1,OTHER
02/04/2017 01:07,LS10 4,MUSIC
02/04/2017 00:53,LS12 3,MUSIC
02/04/2017 00:50,LS27 7,PARTY
02/04/2017 00:33,LS27 0,MUSIC
02/04/2017 00:28,LS13 2,SHOUTING
02/04/2017 00:24,LS11 0,MUSIC
02/04/2017 00:19,LS19 7,MUSIC
02/04/2017 00:04,LS4 2,MUSIC
01/04/2017 23:57,LS19 7,MUSIC
01/04/2017 23:35,LS8 2,PARTY
01/04/2017 23:32,LS7 4,MUSIC
01/04/2017 23:31,LS8 2,PARTY
01/04/2017 23:22,LS10 3,MUSIC
01/04/2017 23:22,LS13 2,PARTY
01/04/2017 23:17,LS19 7,MUSIC
01/04/2017 23:04,LS7 4,MUSIC
01/04/2017 22:40,LS13 2,BANGING ON WALLS/CEILING/FLOOR
01/04/2017 22:28,LS16 8,MUSIC
01/04/2017 22:16,LS8 5,SHOUTING
01/04/2017 22:10,LS27 7,MUSIC
01/04/2017 22:07,LS8 3,MUSIC
01/04/2017 21:45,LS12 5,MUSIC
01/04/2017 21:29,LS12 5,MUSIC
01/04/2017 21:17,LS9 7,MUSIC
01/04/2017 20:36,LS16 5,MUSIC
01/04/2017 19:44,LS10 2,MUSIC
01/04/2017 19:38,LS17 6,MUSIC
01/04/2017 19:25,LS15 7,DOG BARKING
01/04/2017 19:18,LS13 4,DOG BARKING
01/04/2017 19:10,LS6 4,MUSIC
01/04/2017 18:46,LS15 7,DOG BARKING
01/04/2017 18:34,LS27 0,OTHER
01/04/2017 18:08,LS11 0,
01/04/2017 17:51,LS10 2,
01/04/2017 17:29,LS10 4,MUSIC
01/04/2017 16:06,LS12 6,MUSIC
01/04/2017 16:02,LS10 2,
01/04/2017 15:51,LS8 4,ALARM
01/04/2017 15:40,LS8 3,
01/04/2017 14:53,LS13 4,
01/04/2017 12:47,LS25 2,MUSIC
01/04/2017 08:33,LS14 6,DOG BARKING
01/04/2017 08:18,LS11 8,BUILDING SITE
01/04/2017 07:05,LS9 7,OTHER
01/04/2017 06:53,LS6 3,MUSIC
01/04/2017 05:15,LS6 1,PARTY
01/04/2017 05:01,LS7 4,MUSIC
01/04/2017 04:56,LS12 2,MUSIC
01/04/2017 04:51,LS16 5,MUSIC
01/04/2017 03:32,LS6 2,MUSIC
01/04/2017 02:49,LS7 1,PARTY
01/04/2017 02:46,LS10 1,PARTY
01/04/2017 01:51,LS8 2,MUSIC
01/04/2017 01:35,LS4 2,PARTY
01/04/2017 01:19,LS10 4,MUSIC
01/04/2017 01:13,LS8 2,MUSIC
01/04/2017 01:09,LS9 9,PARTY
01/04/2017 00:51,LS6 2,MUSIC
01/04/2017 00:43,LS8 5,SHOUTING
01/04/2017 00:39,LS1 4,MUSIC
01/04/2017 00:35,LS11 0,MUSIC
01/04/2017 00:31,LS13 4,MUSIC
01/04/2017 00:22,LS7 2,MUSIC
01/04/2017 00:18,LS11 8,MUSIC
01/04/2017 00:07,LS13 2,PARTY
