Created,Caller Postcode,Accused Postcode,Type of Noise Causing a Nuisance,Sr_Num ,Enq Type
01/09/2024,LS8 ,LS8 3,Loud Music,Out ofHours,Out ofHours
01/09/2024,LS8 ,LS8 1,Loud Music,Out ofHours,Out ofHours
01/09/2024,WF10 ,WF10 2,Loud Music,Out ofHours,Out ofHours
01/09/2024,LS28 ,LS28 6,Loud Music,Out ofHours,Out ofHours
01/09/2024,LS28 ,LS28,Loud Music,Out ofHours,Out ofHours
01/09/2024,LS13 ,LS13 1,Banging On Walls/Ceiling/Floor,Out ofHours,Out ofHours
01/09/2024,LS9 ,LS9 9,Loud Music,Out ofHours,Out ofHours
01/09/2024,LS6 ,LS6 1,Banging On Walls/Ceiling/Floor,Out ofHours,Out ofHours
01/09/2024,LS9 ,LS9 6,Loud Music,Out ofHours,Out ofHours
02/09/2024,LS12 ,LS12 2,DIY,Out ofHours,Out ofHours
02/09/2024,LS7 ,LS7 4,Banging On Walls/Ceiling/Floor,Out ofHours,Out ofHours
02/09/2024,LS6 ,LS6 1,Shouting,Out ofHours,Out ofHours
02/09/2024,LS19 ,LS19 7,Dog Barking,Out ofHours,Out ofHours
02/09/2024,LS11 ,LS11 0,Loud Music,Out ofHours,Out ofHours
02/09/2024,LS13 ,LS13 2,Banging On Walls/Ceiling/Floor,Out ofHours,Out ofHours
02/09/2024,LS7 ,LS7 1,Banging On Walls/Ceiling/Floor,Out ofHours,Out ofHours
02/09/2024,LS10 ,LS10 3,Banging On Walls/Ceiling/Floor,Out ofHours,Out ofHours
02/09/2024,LS9 ,LS9,Dog Barking,Out ofHours,Out ofHours
02/09/2024,LS14 ,LS14 6,Loud Music,Out ofHours,Out ofHours
02/09/2024,LS14 ,LS14 6,Loud Music,Out ofHours,Out ofHours
02/09/2024,LS19 ,LS19 7,TV,Out ofHours,Out ofHours
02/09/2024,LS11 ,LS11 6,Loud Music,Out ofHours,Out ofHours
02/09/2024,LS9 ,LS9 7,Loud Music,Out ofHours,Out ofHours
03/09/2024,LS14 ,LS14 5,Loud Music,Out ofHours,Out ofHours
03/09/2024,LS14 ,LS14 1,Loud Music,Out ofHours,Out ofHours
03/09/2024,LS13 ,LS13 2,Loud Music,Out ofHours,Out ofHours
03/09/2024,LS11 ,LS11 5,TV,Out ofHours,Out ofHours
03/09/2024,LS19 ,LS19 7,Dog Barking,Out ofHours,Out ofHours
03/09/2024,LS7 ,LS7 1,Banging On Walls/Ceiling/Floor,Out ofHours,Out ofHours
03/09/2024,LS9 ,LS9 9,Loud Music,Out ofHours,Out ofHours
03/09/2024,LS13 ,LS13 2,Banging On Walls/Ceiling/Floor,Out ofHours,Out ofHours
03/09/2024,LS12 ,LS12 3,Shouting,Out ofHours,Out ofHours
03/09/2024,LS9 ,LS9 8,Loud Music,Out ofHours,Out ofHours
03/09/2024,LS6 ,LS6,Loud Music,Out ofHours,Out ofHours
03/09/2024,LS16 ,LS16 5,Shouting,Out ofHours,Out ofHours
04/09/2024,LS6 ,LS6,TV,Out ofHours,Out ofHours
04/09/2024,LS6 ,LS6,Dog Barking,Out ofHours,Out ofHours
04/09/2024,LS13 ,LS13 1,Banging On Walls/Ceiling/Floor,Out ofHours,Out ofHours
04/09/2024,LS9 ,LS9 8,Loud Music,Out ofHours,Out ofHours
04/09/2024,LS19,LS19 7,Dog Barking,Out ofHours,Out ofHours
04/09/2024,LS19 ,LS19 7,Dog Barking,Out ofHours,Out ofHours
04/09/2024,LS19 ,LS19,Dog Barking,Out ofHours,Out ofHours
04/09/2024,LS7 ,LS7 1,Loud Music,Out ofHours,Out ofHours
04/09/2024,LS6 ,LS6 3,TV,Out ofHours,Out ofHours
04/09/2024,BD4,BD4 8,Dog Barking,Out ofHours,Out ofHours
04/09/2024,LS7 ,LS7 1,Banging On Walls/Ceiling/Floor,Out ofHours,Out ofHours
04/09/2024,LS6 ,LS6 1,Shouting,Out ofHours,Out ofHours
05/09/2024,LS9 ,LS9 7,Banging On Walls/Ceiling/Floor,Out ofHours,Out ofHours
05/09/2024,LS11 ,LS11 9,Loud Music,Out ofHours,Out ofHours
05/09/2024,LS17 ,LS6 1,Shouting,Out ofHours,Out ofHours
05/09/2024,LS13,LS13 4,Shouting,Out ofHours,Out ofHours
05/09/2024,LS19 ,LS19 7,Dog Barking,Out ofHours,Out ofHours
05/09/2024,LS12,LS12 4,Loud Music,Out ofHours,Out ofHours
05/09/2024,LS6 ,LS6 1,Loud Music,Out ofHours,Out ofHours
06/09/2024,LS6 ,LS6 3,Party,Out ofHours,Out ofHours
06/09/2024,LS9 ,LS9,Loud Music,Out ofHours,Out ofHours
06/09/2024,LS6,LS6,Shouting,Out ofHours,Out ofHours
06/09/2024,LS12,LS12 3,Shouting,Out ofHours,Out ofHours
06/09/2024,LS14 ,LS14 6,Loud Music,Out ofHours,Out ofHours
06/09/2024,LS8 ,LS8 5,Shouting,Out ofHours,Out ofHours
06/09/2024,LS21 ,LS21 3,Party,Out ofHours,Out ofHours
06/09/2024,LS4 ,LS4 2,Party,Out ofHours,Out ofHours
06/09/2024,LS4 ,LS4 2,Party,Out ofHours,Out ofHours
06/09/2024,LS10 ,LS10 4,Party,Out ofHours,Out ofHours
06/09/2024,LS17 ,LS17 8,Shouting,Out ofHours,Out ofHours
06/09/2024,LS28 ,LS28 7,Loud Music,Out ofHours,Out ofHours
06/09/2024,LS16 ,LS16 5,Loud Music,Out ofHours,Out ofHours
06/09/2024,LS26 ,LS26 9,Loud Music,Out ofHours,Out ofHours
07/09/2024,LS14 ,LS14 6,Loud Music,Out ofHours,Out ofHours
07/09/2024,LS8 ,LS8 3,Loud Music,Out ofHours,Out ofHours
07/09/2024,LS11 ,LS11 7,Party,Out ofHours,Out ofHours
07/09/2024,LS18 ,LS18 4,Loud Music,Out ofHours,Out ofHours
07/09/2024,LS9 ,LS9 9,Party,Out ofHours,Out ofHours
07/09/2024,LS27 ,LS27 0,Loud Music,Out ofHours,Out ofHours
07/09/2024,LS16 ,LS16 5,Loud Music,Out ofHours,Out ofHours
07/09/2024,LS12 ,LS12 5,Loud Music,Out ofHours,Out ofHours
07/09/2024,LS16 ,LS16 5,Loud Music,Out ofHours,Out ofHours
07/09/2024,LS16 ,LS16 5,Loud Music,Out ofHours,Out ofHours
07/09/2024,LS13 ,LS13 4,Loud Music,Out ofHours,Out ofHours
07/09/2024,LS13 ,LS13 2,Shouting,Out ofHours,Out ofHours
07/09/2024,LS9 ,LS9 7,Loud Music,Out ofHours,Out ofHours
07/09/2024,LS21 ,LS21,Party,Out ofHours,Out ofHours
07/09/2024,LS26 ,LS26 9,Alarm,Out ofHours,Out ofHours
07/09/2024,LS9 ,LS9 9,Loud Music,Out ofHours,Out ofHours
07/09/2024,LS5 ,LS5 3,Loud Music,Out ofHours,Out ofHours
07/09/2024,LS1 ,LS1 4,Loud Music,Out ofHours,Out ofHours
07/09/2024,LS4 ,LS4 2,Party,Out ofHours,Out ofHours
07/09/2024,LS28 ,LS28 6,Loud Music,Out ofHours,Out ofHours
07/09/2024,LS9 ,LS9 7,Shouting,Out ofHours,Out ofHours
07/09/2024,BD10 ,BD10 0,Loud Music,Out ofHours,Out ofHours
07/09/2024,LS6 ,LS6 1,Shouting,Out ofHours,Out ofHours
07/09/2024,LS9 ,LS9 6,Loud Music,Out ofHours,Out ofHours
08/09/2024,LS6 ,LS6 1,Loud Music,Out ofHours,Out ofHours
08/09/2024,LS9 ,LS9 7,Loud Music,Out ofHours,Out ofHours
08/09/2024,LS5 ,LS5 3,Loud Music,Out ofHours,Out ofHours
08/09/2024,LS6 ,LS6 3,Banging On Walls/Ceiling/Floor,Out ofHours,Out ofHours
08/09/2024,LS9 ,LS9 6,Loud Music,Out ofHours,Out ofHours
08/09/2024,LS6 ,LS6,Please select,Out ofHours,Out ofHours
08/09/2024,LS6 ,LS6 3,Loud Music,Out ofHours,Out ofHours
08/09/2024,LS9 ,LS9 6,Loud Music,Out ofHours,Out ofHours
08/09/2024,LS10 ,LS10 1,Loud Music,Out ofHours,Out ofHours
08/09/2024,LS8,LS8 4,Loud Music,Out ofHours,Out ofHours
08/09/2024,LS7 ,LS7 1,Banging On Walls/Ceiling/Floor,Out ofHours,Out ofHours
08/09/2024,LS6 ,LS6,Loud Music,Out ofHours,Out ofHours
08/09/2024,LS12 ,LS12 3,Loud Music,Out ofHours,Out ofHours
08/09/2024,LS11 ,Ls11 0,Loud Music,Out ofHours,Out ofHours
08/09/2024,LS11 ,LS11 5,Banging On Walls/Ceiling/Floor,Out ofHours,Out ofHours
08/09/2024,LS15 ,LS15,TV,Out ofHours,Out ofHours
08/09/2024,LS7 ,LS7 1,Loud Music,Out ofHours,Out ofHours
09/09/2024,LS10 ,LS10 4,Loud Music,Out ofHours,Out ofHours
09/09/2024,LS27 ,LS27 9,Loud Music,Out ofHours,Out ofHours
09/09/2024,LS9 ,LS9 6,Loud Music,Out ofHours,Out ofHours
09/09/2024,LS19 ,LS19 7,Banging On Walls/Ceiling/Floor,Out ofHours,Out ofHours
09/09/2024,LS12 ,LS12 5,Dog Barking,Out ofHours,Out ofHours
09/09/2024,LS9 ,LS9 7,Loud Music,Out ofHours,Out ofHours
09/09/2024,LS13 ,LS13 2,Dog Barking,Out ofHours,Out ofHours
09/09/2024,LS13 ,LS13 2,Shouting,Out ofHours,Out ofHours
09/09/2024,LS11 ,LS11 5,Shouting,Out ofHours,Out ofHours
09/09/2024,LS9 ,LS9 7,Loud Music,Out ofHours,Out ofHours
09/09/2024,LS12 ,LS12 4,Loud Music,Out ofHours,Out ofHours
10/09/2024,LS3 ,LS3 1,Shouting,Out ofHours,Out ofHours
10/09/2024,LS6 ,LS6 1,Loud Music,Out ofHours,Out ofHours
10/09/2024,LS6 ,LS6 1,Alarm,Out ofHours,Out ofHours
10/09/2024,LS15 ,LS15 4,Loud Music,Out ofHours,Out ofHours
10/09/2024,LS10 ,LS10 7,Dog Barking,Out ofHours,Out ofHours
10/09/2024,LS19 ,LS19 7,Dog Barking,Out ofHours,Out ofHours
10/09/2024,LS19 ,LS19 7,Dog Barking,Out ofHours,Out ofHours
10/09/2024,LS10 ,LS10 4,TV,Out ofHours,Out ofHours
10/09/2024,LS8 ,LS8,Loud Music,Out ofHours,Out ofHours
10/09/2024,LS10 ,LS10 3,DIY,Out ofHours,Out ofHours
11/09/2024,LS6 ,LS6 3,Loud Music,Out ofHours,Out ofHours
11/09/2024,LS19 ,LS19 7,Loud Music,Out ofHours,Out ofHours
11/09/2024,LS16 ,LS16 5,Banging On Walls/Ceiling/Floor,Out ofHours,Out ofHours
11/09/2024,LS11 ,LS11 5,TV,Out ofHours,Out ofHours
11/09/2024,LS19 ,LS19 7,Dog Barking,Out ofHours,Out ofHours
11/09/2024,LS12 ,LS12 3,Banging On Walls/Ceiling/Floor,Out ofHours,Out ofHours
11/09/2024,LS19 ,LS19 7,Dog Barking,Out ofHours,Out ofHours
11/09/2024,LS19,LS19 7,Dog Barking,Out ofHours,Out ofHours
11/09/2024,LS10 ,LS10 4,TV,Out ofHours,Out ofHours
11/09/2024,LS14,LS14 2,Party,Out ofHours,Out ofHours
11/09/2024,LS6 ,LS6 3,Loud Music,Out ofHours,Out ofHours
11/09/2024,LS7 ,LS7 3,Shouting,Out ofHours,Out ofHours
11/09/2024,LS6,LS6,Loud Music,Out ofHours,Out ofHours
11/09/2024,LS5 ,LS5 3,TV,Out ofHours,Out ofHours
12/09/2024,LS8 ,LS8 2,Loud Music,Out ofHours,Out ofHours
12/09/2024,LS17 ,LS17 5,Loud Music,Out ofHours,Out ofHours
12/09/2024,LS7 ,LS7 3,Loud Music,Out ofHours,Out ofHours
12/09/2024,LS19,LS19 7,Dog Barking,Out ofHours,Out ofHours
12/09/2024,LS9 ,LS9 7,Party,Out ofHours,Out ofHours
12/09/2024,LS10,LS10 4,TV,Out ofHours,Out ofHours
12/09/2024,LS6 ,LS6 3,Party,Out ofHours,Out ofHours
12/09/2024,LS10,LS10 4,Banging On Walls/Ceiling/Floor,Out ofHours,Out ofHours
12/09/2024,LS11,LS11 9,Banging On Walls/Ceiling/Floor,Out ofHours,Out ofHours
12/09/2024,LS7 ,LS7 4,Loud Music,Out ofHours,Out ofHours
13/09/2024,LS6 ,LS6 3,Party,Out ofHours,Out ofHours
13/09/2024,LS12,LS12 1,Loud Music,Out ofHours,Out ofHours
13/09/2024,LS1,LS1,Building Site,Out ofHours,Out ofHours
13/09/2024,LS6,LS6,Loud Music,Out ofHours,Out ofHours
13/09/2024,LS9 ,LS9 9,Shouting,Out ofHours,Out ofHours
13/09/2024,LS25 ,LS25 ,Loud Music,Out ofHours,Out ofHours
13/09/2024,LS10 ,LS10 4,TV,Out ofHours,Out ofHours
13/09/2024,LS11 ,LS11 7,Party,Out ofHours,Out ofHours
13/09/2024,LS9 ,LS9 6,Loud Music,Out ofHours,Out ofHours
13/09/2024,LS7 ,LS7 4,Banging On Walls/Ceiling/Floor,Out ofHours,Out ofHours
13/09/2024,LS6 ,LS6 1,Party,Out ofHours,Out ofHours
13/09/2024,LS25 ,LS25 1,Party,Out ofHours,Out ofHours
13/09/2024,LS6 ,LS6 2,Loud Music,Out ofHours,Out ofHours
13/09/2024,LS6 ,LS6 1,Shouting,Out ofHours,Out ofHours
13/09/2024,LS6 ,LS6 1,Party,Out ofHours,Out ofHours
13/09/2024,LS12 ,LS12 1,Loud Music,Out ofHours,Out ofHours
14/09/2024,LS12 ,LS12 3,Loud Music,Out ofHours,Out ofHours
14/09/2024,LS6 ,LS6 2,Loud Music,Out ofHours,Out ofHours
14/09/2024,LS12 ,LS12,Party,Out ofHours,Out ofHours
14/09/2024,LS6 ,LS6 1,Loud Music,Out ofHours,Out ofHours
14/09/2024,LS6 ,LS6 1,Loud Music,Out ofHours,Out ofHours
14/09/2024,LS6 ,LS6 2,Loud Music,Out ofHours,Out ofHours
14/09/2024,LS9 ,LS9 7,Shouting,Out ofHours,Out ofHours
14/09/2024,LS6 ,LS6 1,Alarm,Out ofHours,Out ofHours
14/09/2024,LS16 ,LS16 7,Loud Music,Out ofHours,Out ofHours
14/09/2024,LS7 ,LS7 2,Dog Barking,Out ofHours,Out ofHours
14/09/2024,LS12 ,LS12,Party,Out ofHours,Out ofHours
14/09/2024,LS9 ,LS9,Loud Music,Out ofHours,Out ofHours
14/09/2024,LS8 ,LS8 4,Party,Out ofHours,Out ofHours
14/09/2024,LS1 ,LS1 6,Loud Music,Out ofHours,Out ofHours
14/09/2024,LS12 ,LS12 4,Loud Music,Out ofHours,Out ofHours
14/09/2024,LS13 ,LS13 2,Shouting,Out ofHours,Out ofHours
14/09/2024,LS6 ,LS6 3,Loud Music,Out ofHours,Out ofHours
14/09/2024,LS7 ,LS7 1,Party,Out ofHours,Out ofHours
14/09/2024,LS9 ,LS9 7,Loud Music,Out ofHours,Out ofHours
14/09/2024,LS26 ,LS26 0,Shouting,Out ofHours,Out ofHours
14/09/2024,LS28 ,LS28 9,Loud Music,Out ofHours,Out ofHours
14/09/2024,LS8 ,LS8 4,Loud Music,Out ofHours,Out ofHours
15/09/2024,LS6 ,LS6 2,Loud Music,Out ofHours,Out ofHours
15/09/2024,LS18 ,LS18 5,Loud Music,Out ofHours,Out ofHours
15/09/2024,LS9 ,LS9 7,Shouting,Out ofHours,Out ofHours
15/09/2024,LS4 ,LS4 2,Loud Music,Out ofHours,Out ofHours
15/09/2024,LS16 ,LS16 6,Loud Music,Out ofHours,Out ofHours
15/09/2024,LS9 ,LS9 6,Loud Music,Out ofHours,Out ofHours
15/09/2024,LS8 ,LS8 4,Loud Music,Out ofHours,Out ofHours
15/09/2024,LS7 ,LS7 4,Loud Music,Out ofHours,Out ofHours
15/09/2024,LS7 ,LS7 3,DIY,Out ofHours,Out ofHours
15/09/2024,LS9 ,LS9 9,Banging On Walls/Ceiling/Floor,Out ofHours,Out ofHours
15/09/2024,LS19 ,LS19 7,Alarm,Out ofHours,Out ofHours
15/09/2024,LS12 ,LS12 2,Loud Music,Out ofHours,Out ofHours
15/09/2024,LS12 ,LS12 2,Loud Music,Out ofHours,Out ofHours
15/09/2024,LS6 ,LS6,Loud Music,Out ofHours,Out ofHours
15/09/2024,LS9 ,LS9 6,Loud Music,Out ofHours,Out ofHours
15/09/2024,LS26 ,LS26 0,TV,Out ofHours,Out ofHours
15/09/2024,LS13 ,LS13 2,Shouting,Out ofHours,Out ofHours
15/09/2024,LS9 ,LS9 6,Loud Music,Out ofHours,Out ofHours
15/09/2024,LS13 ,LS13 2,Shouting,Out ofHours,Out ofHours
15/09/2024,LS17 ,LS17 7,TV,Out ofHours,Out ofHours
15/09/2024,LS9 ,LS9 6,Loud Music,Out ofHours,Out ofHours
15/09/2024,LS14 ,LS14 5,Shouting,Out ofHours,Out ofHours
15/09/2024,LS11 ,LS11 6,Loud Music,Out ofHours,Out ofHours
15/09/2024,LS9 ,LS9 7,Banging On Walls/Ceiling/Floor,Out ofHours,Out ofHours
16/09/2024,LS9 ,LS9 6,Loud Music,Out ofHours,Out ofHours
16/09/2024,LS10 ,LS10 4,Loud Music,Out ofHours,Out ofHours
16/09/2024,LS13 ,LS13 3,Loud Music,Out ofHours,Out ofHours
16/09/2024,LS12 ,LS12 5,Loud Music,Out ofHours,Out ofHours
16/09/2024,LS28 ,LS28 7,Banging On Walls/Ceiling/Floor,Out ofHours,Out ofHours
16/09/2024,LS19 ,LS19 7,Dog Barking,Out ofHours,Out ofHours
16/09/2024,LS25 ,LS25 1,Loud Music,Out ofHours,Out ofHours
16/09/2024,LS9 ,LS9 6,Loud Music,Out ofHours,Out ofHours
16/09/2024,LS11 ,LS11 5,Loud Music,Out ofHours,Out ofHours
16/09/2024,LS13 ,LS13 4,Banging On Walls/Ceiling/Floor,Out ofHours,Out ofHours
16/09/2024,LS9 ,LS9 6,Loud Music,Out ofHours,Out ofHours
16/09/2024,LS11 ,LS11 5,Loud Music,Out ofHours,Out ofHours
16/09/2024,LS7 ,LS7 1,Banging On Walls/Ceiling/Floor,Out ofHours,Out ofHours
16/09/2024,LS9 ,LS9,Loud Music,Out ofHours,Out ofHours
16/09/2024,LS6 ,LS6 3,Shouting,Out ofHours,Out ofHours
16/09/2024,LS6 ,LS6 1,Loud Music,Out ofHours,Out ofHours
16/09/2024,LS14 ,LS14 2,Loud Music,Out ofHours,Out ofHours
16/09/2024,LS6 ,LS6,Party,Out ofHours,Out ofHours
16/09/2024,LS12 ,LS12 3,Banging On Walls/Ceiling/Floor,Out ofHours,Out ofHours
17/09/2024,LS9 ,LS9 6,Banging On Walls/Ceiling/Floor,Out ofHours,Out ofHours
17/09/2024,LS7 ,LS7 2,Loud Music,Out ofHours,Out ofHours
17/09/2024,LS25 ,LS25 2,Loud Music,Out ofHours,Out ofHours
17/09/2024,LS9 ,LS9 7,Loud Music,Out ofHours,Out ofHours
17/09/2024,LS16 ,LS16 5,Alarm,Out ofHours,Out ofHours
17/09/2024,LS8 ,LS8 5,Loud Music,Out ofHours,Out ofHours
17/09/2024,LS13 ,LS13 1,Dog Barking,Out ofHours,Out ofHours
17/09/2024,LS26 ,LS26 0,Loud Music,Out ofHours,Out ofHours
17/09/2024,LS13 ,LS13 2,Shouting,Out ofHours,Out ofHours
17/09/2024,LS16 ,LS16 5,Loud Music,Out ofHours,Out ofHours
17/09/2024,LS8 ,LS8 1,Loud Music,Out ofHours,Out ofHours
17/09/2024,LS9 ,LS9 9,Loud Music,Out ofHours,Out ofHours
18/09/2024,LS4 ,LS4 2,Loud Music,Out ofHours,Out ofHours
18/09/2024,LS6 ,LS6 1,Loud Music,Out ofHours,Out ofHours
18/09/2024,LS2 ,LS2 9,Loud Music,Out ofHours,Out ofHours
18/09/2024,LS6 ,LS6 1,Shouting,Out ofHours,Out ofHours
18/09/2024,LS9 ,LS9 7,Shouting,Out ofHours,Out ofHours
18/09/2024,LS28 ,LS28 7,Alarm,Out ofHours,Out ofHours
18/09/2024,LS9 ,LS9 6,Loud Music,Out ofHours,Out ofHours
18/09/2024,LS14 ,LS14 6,Loud Music,Out ofHours,Out ofHours
18/09/2024,LS26,LS26 0,Loud Music,Out ofHours,Out ofHours
18/09/2024,LS19 ,LS19 7,Dog Barking,Out ofHours,Out ofHours
18/09/2024,LS19 ,LS19 7,Dog Barking,Out ofHours,Out ofHours
18/09/2024,LS1 ,LS1,Loud Music,Out ofHours,Out ofHours
18/09/2024,LS10 ,LS10 4,TV,Out ofHours,Out ofHours
18/09/2024,LS6 ,LS6 1,Loud Music,Out ofHours,Out ofHours
18/09/2024,LS9 ,LS9 7,Loud Music,Out ofHours,Out ofHours
18/09/2024,LS5 ,LS5 3,Loud Music,Out ofHours,Out ofHours
18/09/2024,LS26 ,LS26 0,TV,Out ofHours,Out ofHours
18/09/2024,LS8 ,LS8 4,Party,Out ofHours,Out ofHours
18/09/2024,LS9 ,LS9 9,Loud Music,Out ofHours,Out ofHours
18/09/2024,LS6 ,LS6 1,Please select,Out ofHours,Out ofHours
19/09/2024,LS6 ,LS6 1,Party,Out ofHours,Out ofHours
19/09/2024,BD11 ,BD11 1,Shouting,Out ofHours,Out ofHours
19/09/2024,LS16 ,LS16 5,Dog Barking,Out ofHours,Out ofHours
19/09/2024,LS28 ,LS28 6,Loud Music,Out ofHours,Out ofHours
19/09/2024,LS26 ,LS26 0,Loud Music,Out ofHours,Out ofHours
19/09/2024,LS13 ,LS13 4,Loud Music,Out ofHours,Out ofHours
19/09/2024,LS16,LS16 6,Loud Music,Out ofHours,Out ofHours
19/09/2024,LS6 ,LS6 3,TV,Out ofHours,Out ofHours
19/09/2024,LS7 ,LS7 4,Loud Music,Out ofHours,Out ofHours
19/09/2024,LS4 ,LS4 2,Loud Music,Out ofHours,Out ofHours
19/09/2024,LS26,LS26 0,TV,Out ofHours,Out ofHours
19/09/2024,LS9 ,LS9 7,Banging On Walls/Ceiling/Floor,Out ofHours,Out ofHours
19/09/2024,LS6,LS6,Party,Out ofHours,Out ofHours
19/09/2024,LS6,LS6,Loud Music,Out ofHours,Out ofHours
19/09/2024,LS6 ,LS6,Shouting,Out ofHours,Out ofHours
19/09/2024,LS7 ,LS7 3,Loud Music,Out ofHours,Out ofHours
19/09/2024,LS7 ,LS7,Party,Out ofHours,Out ofHours
20/09/2024,LS6,LS6 1,Shouting,Out ofHours,Out ofHours
20/09/2024,LS14,LS14,Please select,Out ofHours,Out ofHours
20/09/2024,LS6,LS6,Loud Music,Out ofHours,Out ofHours
20/09/2024,LS26,LS26,TV,Out ofHours,Out ofHours
20/09/2024,LS7,LS7 2,Loud Music,Out ofHours,Out ofHours
20/09/2024,LS8 ,LS8 2,Loud Music,Out ofHours,Out ofHours
20/09/2024,LS20,LS20 9,Dog Barking,Out ofHours,Out ofHours
20/09/2024,LS16,LS16 7,Banging On Walls/Ceiling/Floor,Out ofHours,Out ofHours
20/09/2024,LS26 ,LS26,TV,Out ofHours,Out ofHours
20/09/2024,LS6,LS6,Shouting,Out ofHours,Out ofHours
20/09/2024,LS9 ,LS9 9,Loud Music,Out ofHours,Out ofHours
20/09/2024,LS8,LS8 2,Loud Music,Out ofHours,Out ofHours
20/09/2024,LS6,LS6,Party,Out ofHours,Out ofHours
20/09/2024,LS6 ,LS6 1,Party,Out ofHours,Out ofHours
20/09/2024,LS9,LS9 9,Loud Music,Out ofHours,Out ofHours
20/09/2024,LS2 ,LS2 8,Shouting,Out ofHours,Out ofHours
21/09/2024,LS6 ,LS6 1,Party,Out ofHours,Out ofHours
21/09/2024,LS12 ,LS12 3,Loud Music,Out ofHours,Out ofHours
21/09/2024,LS18,LS18,Banging On Walls/Ceiling/Floor,Out ofHours,Out ofHours
21/09/2024,LS9 ,LS9 6,Loud Music,Out ofHours,Out ofHours
21/09/2024,LS14,LS14,Loud Music,Out ofHours,Out ofHours
21/09/2024,LS16,LS16,Party,Out ofHours,Out ofHours
21/09/2024,LS8,LS8,Loud Music,Out ofHours,Out ofHours
21/09/2024,LS9,LS9,Loud Music,Out ofHours,Out ofHours
21/09/2024,LS6,LS6,Loud Music,Out ofHours,Out ofHours
21/09/2024,LS26,LS26 0,TV,Out ofHours,Out ofHours
21/09/2024,LS18,LS18,Banging On Walls/Ceiling/Floor,Out ofHours,Out ofHours
21/09/2024,LS14 ,LS14,Party,Out ofHours,Out ofHours
21/09/2024,LS20,LS20,Dog Barking,Out ofHours,Out ofHours
21/09/2024,LS6,LS6,Loud Music,Out ofHours,Out ofHours
21/09/2024,LS8 ,LS8 2,Loud Music,Out ofHours,Out ofHours
21/09/2024,LS4 ,LS4 2,Banging On Walls/Ceiling/Floor,Out ofHours,Out ofHours
21/09/2024,LS9,LS9,Loud Music,Out ofHours,Out ofHours
21/09/2024,LS15 ,LS15,Shouting,Out ofHours,Out ofHours
21/09/2024,LS20,LS20,Dog Barking,Out ofHours,Out ofHours
21/09/2024,LS9,LS9,Loud Music,Out ofHours,Out ofHours
21/09/2024,LS12,LS12,Alarm,Out ofHours,Out ofHours
21/09/2024,LS6,LS6,Party,Out ofHours,Out ofHours
21/09/2024,LS13,LS13,Party,Out ofHours,Out ofHours
21/09/2024,LS9,LS97,Loud Music,Out ofHours,Out ofHours
21/09/2024,LS10,LS10,Party,Out ofHours,Out ofHours
21/09/2024,LS6 ,LS6,Loud Music,Out ofHours,Out ofHours
21/09/2024,LS9,LS9,Loud Music,Out ofHours,Out ofHours
21/09/2024,LS6 ,LS6,Party,Out ofHours,Out ofHours
22/09/2024,,LS6,Party,Out ofHours,Out ofHours
22/09/2024,LS6,LS6,Party,Out ofHours,Out ofHours
22/09/2024,LS18 ,LS18 5,Loud Music,Out ofHours,Out ofHours
22/09/2024,LS10 ,LS10 1,Shouting,Out ofHours,Out ofHours
22/09/2024,LS6 ,LS6 2,Loud Music,Out ofHours,Out ofHours
22/09/2024,LS6 ,LS6 2,Loud Music,Out ofHours,Out ofHours
22/09/2024,LS9,LS97,Please select,Out ofHours,Out ofHours
22/09/2024,LS26 ,LS26 0,Loud Music,Out ofHours,Out ofHours
22/09/2024,LS6,LS6,Shouting,Out ofHours,Out ofHours
22/09/2024,LS1 ,LS1 8,Alarm,Out ofHours,Out ofHours
22/09/2024,LS9 ,LS9 7,Shouting,Out ofHours,Out ofHours
22/09/2024,LS8 ,LS8 4,DIY,Out ofHours,Out ofHours
22/09/2024,LS9 ,LS9 9,Loud Music,Out ofHours,Out ofHours
22/09/2024,LS8 ,LS8 4,DIY,Out ofHours,Out ofHours
22/09/2024,LS7 ,LS7 2,Loud Music,Out ofHours,Out ofHours
22/09/2024,LS10 ,LS10 3,Loud Music,Out ofHours,Out ofHours
22/09/2024,LS12 ,LS12 5,Shouting,Out ofHours,Out ofHours
22/09/2024,LS12 ,LS12 5,Loud Music,Out ofHours,Out ofHours
22/09/2024,LS11 ,LS11 7,Loud Music,Out ofHours,Out ofHours
22/09/2024,LS18 ,LS18 5,Shouting,Out ofHours,Out ofHours
23/09/2024,LS6 ,LS6 3,Loud Music,Out ofHours,Out ofHours
23/09/2024,LS7 ,LS7 3,Shouting,Out ofHours,Out ofHours
23/09/2024,LS15 ,LS15 0,Dog Barking,Out ofHours,Out ofHours
23/09/2024,LS12 ,LS12 2,Loud Music,Out ofHours,Out ofHours
23/09/2024,LS16 ,LS16 6,Banging On Walls/Ceiling/Floor,Out ofHours,Out ofHours
23/09/2024,LS6 ,LS6 1,Banging On Walls/Ceiling/Floor,Out ofHours,Out ofHours
23/09/2024,LS7 ,LS7 2,Loud Music,Out ofHours,Out ofHours
23/09/2024,LS12 ,LS12 3,Loud Music,Out ofHours,Out ofHours
23/09/2024,LS4 ,LS4 2,Loud Music,Out ofHours,Out ofHours
23/09/2024,LS3 ,LS3 1,Party,Out ofHours,Out ofHours
23/09/2024,LS12 ,LS12 3,Loud Music,Out ofHours,Out ofHours
23/09/2024,LS3 ,LS3 1,Loud Music,Out ofHours,Out ofHours
23/09/2024,LS6 ,LS6 1,Loud Music,Out ofHours,Out ofHours
23/09/2024,LS6 ,LS6 2,Loud Music,Out ofHours,Out ofHours
23/09/2024,LS12 ,LS12 2,DIY,Out ofHours,Out ofHours
24/09/2024,LS10 ,LS10 4,Loud Music,Out ofHours,Out ofHours
24/09/2024,LS4 ,LS4 2,Banging On Walls/Ceiling/Floor,Out ofHours,Out ofHours
24/09/2024,LS6 ,LS6 2,Shouting,Out ofHours,Out ofHours
24/09/2024,LS9 ,LS9 8,Loud Music,Out ofHours,Out ofHours
24/09/2024,LS6 ,LS6,Loud Music,Out ofHours,Out ofHours
24/09/2024,LS10 ,LS10 4,Loud Music,Out ofHours,Out ofHours
24/09/2024,,LS6 1,Loud Music,Out ofHours,Out ofHours
24/09/2024,LS5 ,LS5 3,TV,Out ofHours,Out ofHours
24/09/2024,LS12 ,LS12 3,Loud Music,Out ofHours,Out ofHours
24/09/2024,LS13 ,LS13 3,Loud Music,Out ofHours,Out ofHours
24/09/2024,LS14 ,LS14 1,Loud Music,Out ofHours,Out ofHours
24/09/2024,LS11 ,LS11 5,TV,Out ofHours,Out ofHours
24/09/2024,LS7 ,LS7 2,Loud Music,Out ofHours,Out ofHours
24/09/2024,LS6 ,LS6 3,TV,Out ofHours,Out ofHours
24/09/2024,LS9 ,LS9 9,Dog Barking,Out ofHours,Out ofHours
24/09/2024,LS6 ,LS6,Banging On Walls/Ceiling/Floor,Out ofHours,Out ofHours
24/09/2024,LS6 ,LS6 1,Loud Music,Out ofHours,Out ofHours
25/09/2024,LS27 ,LS27 8,Loud Music,Out ofHours,Out ofHours
25/09/2024,LS9 ,LS9 7,Banging On Walls/Ceiling/Floor,Out ofHours,Out ofHours
25/09/2024,LS6 ,LS6 3,Party,Out ofHours,Out ofHours
25/09/2024,LS28 ,LS28 9,Loud Music,Out ofHours,Out ofHours
25/09/2024,LS7 ,LS7 2,Dog Barking,Out ofHours,Out ofHours
25/09/2024,LS2 ,LS2 8,Loud Music,Out ofHours,Out ofHours
26/09/2024,LS3 ,LS3 1,Shouting,Out ofHours,Out ofHours
26/09/2024,LS10 ,LS10 4,Banging On Walls/Ceiling/Floor,Out ofHours,Out ofHours
26/09/2024,LS16 ,LS16 7,Banging On Walls/Ceiling/Floor,Out ofHours,Out ofHours
26/09/2024,LS7 ,LS7 4,Loud Music,Out ofHours,Out ofHours
26/09/2024,LS14 ,LS14 1,Loud Music,Out ofHours,Out ofHours
26/09/2024,LS6 ,LS6 2,Shouting,Out ofHours,Out ofHours
26/09/2024,LS9 ,LS9 6,Loud Music,Out ofHours,Out ofHours
26/09/2024,LS6 ,LS6 1,Loud Music,Out ofHours,Out ofHours
26/09/2024,LS6 ,LS6 1,Banging On Walls/Ceiling/Floor,Out ofHours,Out ofHours
26/09/2024,LS10 ,LS10 3,Shouting,Out ofHours,Out ofHours
26/09/2024,LS5 ,LS5 3,Alarm,Out ofHours,Out ofHours
27/09/2024,LS6 ,LS6 1,Loud Music,Out ofHours,Out ofHours
27/09/2024,LS8 ,LS8 4,Shouting,Out ofHours,Out ofHours
27/09/2024,LS6 ,LS6 1,Loud Music,Out ofHours,Out ofHours
27/09/2024,LS11 ,LS11 5,Loud Music,Out ofHours,Out ofHours
27/09/2024,LS12 ,LS12 5,Shouting,Out ofHours,Out ofHours
27/09/2024,LS19 ,LS19 7,Dog Barking,Out ofHours,Out ofHours
27/09/2024,LS2 ,LS2 7,Loud Music,Out ofHours,Out ofHours
27/09/2024,LS7 ,LS7 2,Loud Music,Out ofHours,Out ofHours
27/09/2024,LS9 ,LS9 7,Banging On Walls/Ceiling/Floor,Out ofHours,Out ofHours
27/09/2024,LS14 ,LS14 1,Loud Music,Out ofHours,Out ofHours
27/09/2024,LS19 ,LS19 7,Dog Barking,Out ofHours,Out ofHours
27/09/2024,LS8 ,LS8 5,Shouting,Out ofHours,Out ofHours
27/09/2024,LS19 ,LS19 7,Dog Barking,Out ofHours,Out ofHours
27/09/2024,LS14 ,LS14 1,Loud Music,Out ofHours,Out ofHours
27/09/2024,LS6 ,LS6,Loud Music,Out ofHours,Out ofHours
27/09/2024,LS9 ,LS9 7,Shouting,Out ofHours,Out ofHours
27/09/2024,LS6 ,LS6 1,Shouting,Out ofHours,Out ofHours
27/09/2024,LS2 ,LS2 9,Shouting,Out ofHours,Out ofHours
27/09/2024,LS6 ,LS6 1,Party,Out ofHours,Out ofHours
28/09/2024,LS20 ,LS20 8,Loud Music,Out ofHours,Out ofHours
28/09/2024,LS6 ,LS6 1,Party,Out ofHours,Out ofHours
28/09/2024,LS6 ,LS6 1,Loud Music,Out ofHours,Out ofHours
28/09/2024,LS6 ,LS6 3,Loud Music,Out ofHours,Out ofHours
28/09/2024,LS6 ,LS6 1,Loud Music,Out ofHours,Out ofHours
28/09/2024,LS12 ,LS12 3,Loud Music,Out ofHours,Out ofHours
28/09/2024,LS26 ,LS26 0,Loud Music,Out ofHours,Out ofHours
28/09/2024,LS15 ,LS15 0,Loud Music,Out ofHours,Out ofHours
28/09/2024,LS12 ,LS12 5,Party,Out ofHours,Out ofHours
28/09/2024,LS9 ,LS9 9,Loud Music,Out ofHours,Out ofHours
28/09/2024,LS7 ,LS7 2,Loud Music,Out ofHours,Out ofHours
28/09/2024,LS9 ,LS9,Loud Music,Out ofHours,Out ofHours
28/09/2024,LS15 ,LS15 4,Loud Music,Out ofHours,Out ofHours
28/09/2024,LS14 ,LS14 2,Loud Music,Out ofHours,Out ofHours
28/09/2024,LS6 ,LS6 1,Loud Music,Out ofHours,Out ofHours
28/09/2024,LS2 ,LS2 8,Loud Music,Out ofHours,Out ofHours
28/09/2024,LS6 ,LS6 1,Loud Music,Out ofHours,Out ofHours
28/09/2024,LS6 ,LS6 1,Loud Music,Out ofHours,Out ofHours
28/09/2024,LS7 ,LS7 4,Loud Music,Out ofHours,Out ofHours
28/09/2024,LS6 ,LS6 2,Party,Out ofHours,Out ofHours
28/09/2024,LS6 ,LS6 1,Loud Music,Out ofHours,Out ofHours
28/09/2024,LS6 ,LS6 1,Loud Music,Out ofHours,Out ofHours
29/09/2024,LS6 ,LS6 1,Loud Music,Out ofHours,Out ofHours
29/09/2024,LS6 ,LS6 1,Loud Music,Out ofHours,Out ofHours
29/09/2024,LS6 ,LS6 1,Party,Out ofHours,Out ofHours
29/09/2024,LS6 ,LS6 1,Loud Music,Out ofHours,Out ofHours
29/09/2024,LS6 ,LS6 1,Party,Out ofHours,Out ofHours
29/09/2024,LS6 ,LS6 1,Loud Music,Out ofHours,Out ofHours
29/09/2024,LS6 ,LS6 1,Loud Music,Out ofHours,Out ofHours
29/09/2024,LS6 ,LS6 1,Loud Music,Out ofHours,Out ofHours
29/09/2024,LS2 ,LS2 9,Party,Out ofHours,Out ofHours
29/09/2024,LS14 ,LS14 6,Loud Music,Out ofHours,Out ofHours
29/09/2024,LS6 ,LS6 2,Banging On Walls/Ceiling/Floor,Out ofHours,Out ofHours
29/09/2024,LS6,LS6,Loud Music,Out ofHours,Out ofHours
29/09/2024,LS9,LS96,Loud Music,Out ofHours,Out ofHours
29/09/2024,LS9 ,LS9 0,Shouting,Out ofHours,Out ofHours
30/09/2024,LS5 ,LS5 3,Loud Music,Out ofHours,Out ofHours
30/09/2024,LS10,LS10 4,Loud Music,Out ofHours,Out ofHours
30/09/2024,LS14 ,LS14 5,Loud Music,Out ofHours,Out ofHours
30/09/2024,LS6 ,LS6,Loud Music,Out ofHours,Out ofHours
30/09/2024,LS14,LS14 1,Shouting,Out ofHours,Out ofHours
30/09/2024,LS13 ,LS13 3,Dog Barking,Out ofHours,Out ofHours
30/09/2024,LS13 ,LS13 2,Dog Barking,Out ofHours,Out ofHours
30/09/2024,LS11 ,LS11 7,Dog Barking,Out ofHours,Out ofHours
30/09/2024,LS11,LS11,Party,Out ofHours,Out ofHours
30/09/2024,LS14,LS14 1,Shouting,Out ofHours,Out ofHours
30/09/2024,LS11 ,LS11 0,Shouting,Out ofHours,Out ofHours
